{"stats":{"minecraft:killed":{"minecraft:armadillo":2,"minecraft:pig":1,"minecraft:skeleton":2,"minecraft:zombie":9,"minecraft:chicken":1,"minecraft:enderman":1},"minecraft:killed_by":{"minecraft:skeleton":3,"minecraft:creeper":1,"minecraft:zombie":2},"minecraft:crafted":{"minecraft:oak_planks":116,"minecraft:crafting_table":2,"minecraft:wooden_pickaxe":1,"minecraft:cooked_chicken":5,"minecraft:furnace":1,"minecraft:bread":9,"minecraft:air":0,"minecraft:bow":2,"minecraft:shield":2,"minecraft:iron_pickaxe":1,"minecraft:stone_pickaxe":1,"minecraft:wooden_axe":2,"minecraft:torch":16,"minecraft:wheat":27},"minecraft:picked_up":{"minecraft:wooden_axe":1,"minecraft:cocoa_beans":25,"minecraft:crafting_table":8,"minecraft:chicken":2,"minecraft:jungle_log":20,"minecraft:acacia_wood":1,"minecraft:enchanted_book":2,"minecraft:flint":3,"minecraft:oak_log":78,"minecraft:shield":1,"minecraft:gunpowder":32,"minecraft:dirt":3,"minecraft:lapis_lazuli":48,"minecraft:string":22,"minecraft:bone":32,"minecraft:blackstone":61,"minecraft:apple":2,"minecraft:wheat_seeds":23,"minecraft:gold_nugget":34,"minecraft:cobbled_deepslate":3,"minecraft:raw_gold":24,"minecraft:stone_pickaxe":4,"minecraft:iron_ingot":15,"minecraft:cooked_chicken":23,"minecraft:iron_nugget":22,"minecraft:iron_pickaxe":1,"minecraft:sugar_cane":4,"minecraft:oak_planks":107,"minecraft:egg":3,"minecraft:stick":224,"minecraft:raw_iron":67,"minecraft:smooth_basalt":4,"minecraft:gravel":13,"minecraft:porkchop":2,"minecraft:sand":6,"minecraft:redstone":51,"minecraft:spider_eye":2,"minecraft:tnt":2,"minecraft:arrow":9,"minecraft:rotten_flesh":23,"minecraft:diamond":6,"minecraft:stone_axe":4,"minecraft:hay_block":3,"minecraft:granite":26,"minecraft:golden_apple":2,"minecraft:bread":6,"minecraft:gold_ingot":12,"minecraft:emerald":2,"minecraft:oak_sapling":30,"minecraft:coal":179,"minecraft:cobblestone":60},"minecraft:custom":{"minecraft:interact_with_furnace":6,"minecraft:mob_kills":16,"minecraft:interact_with_crafting_table":10,"minecraft:leave_game":3,"minecraft:time_since_death":2534,"minecraft:sleep_in_bed":3,"minecraft:climb_one_cm":397,"minecraft:time_since_rest":2583,"minecraft:sprint_one_cm":124287,"minecraft:damage_taken":2589,"minecraft:walk_one_cm":103704,"minecraft:damage_blocked_by_shield":2740,"minecraft:drop":14,"minecraft:damage_dealt":2604,"minecraft:fly_one_cm":257974,"minecraft:open_chest":9,"minecraft:crouch_one_cm":25980,"minecraft:play_time":62909,"minecraft:deaths":6,"minecraft:sneak_time":9788,"minecraft:jump":1708,"minecraft:walk_on_water_one_cm":2720,"minecraft:total_world_time":62909,"minecraft:fall_one_cm":62021},"minecraft:mined":{"minecraft:deepslate_redstone_ore":5,"minecraft:blackstone":31,"minecraft:deepslate_diamond_ore":6,"minecraft:potted_cactus":1,"minecraft:crafting_table":4,"minecraft:granite":20,"minecraft:short_grass":14,"minecraft:jungle_log":10,"minecraft:dead_bush":26,"minecraft:cobblestone":4,"minecraft:tall_grass":6,"minecraft:lapis_ore":1,"minecraft:deepslate_gold_ore":8,"minecraft:sugar_cane":2,"minecraft:hay_block":5,"minecraft:furnace":1,"minecraft:iron_ore":11,"minecraft:acacia_wood":1,"minecraft:tnt":2,"minecraft:deepslate_lapis_ore":1,"minecraft:oak_log":32,"minecraft:coal_ore":39,"minecraft:deepslate_iron_ore":9,"minecraft:vine":2,"minecraft:gravel":15,"minecraft:sand":9,"minecraft:smooth_basalt":2,"minecraft:stone":33,"minecraft:deepslate":1,"minecraft:oak_leaves":1,"minecraft:fern":2},"minecraft:broken":{"minecraft:golden_hoe":1,"minecraft:shield":1,"minecraft:wooden_axe":1},"minecraft:used":{"minecraft:stone_pickaxe":78,"minecraft:oak_planks":10,"minecraft:blackstone":7,"minecraft:shield":37,"minecraft:wooden_pickaxe":4,"minecraft:cooked_chicken":5,"minecraft:rotten_flesh":20,"minecraft:golden_hoe":26,"minecraft:sand":16,"minecraft:crafting_table":5,"minecraft:tnt":1,"minecraft:granite":10,"minecraft:wooden_axe":60,"minecraft:apple":1,"minecraft:bread":5,"minecraft:iron_pickaxe":90,"minecraft:gravel":13,"minecraft:smooth_basalt":2,"minecraft:stone_axe":32,"minecraft:cobblestone":23,"minecraft:furnace":1,"minecraft:acacia_wood":1,"minecraft:egg":2,"minecraft:cobbled_deepslate":1},"minecraft:dropped":{"minecraft:bread":5,"minecraft:cooked_chicken":12,"minecraft:diamond":3,"minecraft:shield":1,"minecraft:sand":1,"minecraft:bow":1,"minecraft:gold_ingot":4}},"DataVersion":3955}