{"stats":{"minecraft:killed_by":{"minecraft:zombified_piglin":3,"minecraft:wither_skeleton":11,"minecraft:creeper":1,"minecraft:zombie":5,"minecraft:player":2,"minecraft:skeleton":3,"minecraft:phantom":3},"minecraft:broken":{"minecraft:diamond_boots":1,"minecraft:wooden_axe":1,"minecraft:golden_hoe":1,"minecraft:shield":4},"minecraft:used":{"minecraft:chest":3,"minecraft:shield":166,"minecraft:iron_sword":5,"minecraft:rotten_flesh":22,"minecraft:carrot":6,"minecraft:bow":19,"minecraft:written_book":3,"minecraft:furnace":11,"minecraft:egg":2,"minecraft:stone_pickaxe":78,"minecraft:oak_planks":10,"minecraft:blackstone":9,"minecraft:wooden_pickaxe":4,"minecraft:sandstone":29,"minecraft:sugar_cane":6,"minecraft:diamond_axe":225,"minecraft:golden_apple":7,"minecraft:golden_hoe":26,"minecraft:sand":16,"minecraft:crossbow":25,"minecraft:bread":48,"minecraft:gravel":13,"minecraft:diamond_sword":770,"minecraft:cooked_rabbit":3,"minecraft:experience_bottle":11,"minecraft:flint_and_steel":1,"minecraft:spruce_planks":326,"minecraft:cooked_salmon":14,"minecraft:cooked_chicken":5,"minecraft:netherrack":1,"minecraft:torch":76,"minecraft:dirt":2,"minecraft:golden_chestplate":1,"minecraft:granite":10,"minecraft:dark_oak_planks":2,"minecraft:wooden_axe":60,"minecraft:iron_axe":3,"minecraft:smooth_basalt":2,"minecraft:diamond_chestplate":1,"minecraft:golden_carrot":6,"minecraft:goat_horn":18,"minecraft:acacia_wood":1,"minecraft:cooked_beef":2,"minecraft:cobbled_deepslate":1,"minecraft:water_bucket":2,"minecraft:cut_sandstone":1,"minecraft:spruce_sign":2,"minecraft:tnt":1,"minecraft:crafting_table":15,"minecraft:diamond_pickaxe":17,"minecraft:apple":1,"minecraft:iron_pickaxe":171,"minecraft:stone_axe":56,"minecraft:cobblestone":25,"minecraft:cooked_porkchop":12,"minecraft:bucket":3},"minecraft:dropped":{"minecraft:spruce_sign":1,"minecraft:iron_sword":2,"minecraft:brown_mushroom":4,"minecraft:porkchop":8,"minecraft:diamond":3,"minecraft:crafting_table":1,"minecraft:sandstone_stairs":2,"minecraft:crossbow":1,"minecraft:leather":4,"minecraft:saddle":2,"minecraft:dirt":1,"minecraft:cut_sandstone":12,"minecraft:netherite_boots":2,"minecraft:sand":3,"minecraft:iron_pickaxe":1,"minecraft:gold_ingot":12,"minecraft:bone":55,"minecraft:stone_axe":1,"minecraft:goat_horn":1,"minecraft:cooked_chicken":12,"minecraft:golden_chestplate":2,"minecraft:wheat":1,"minecraft:netherite_sword":1,"minecraft:smooth_sandstone_stairs":4,"minecraft:oak_planks":4,"minecraft:rabbit_hide":2,"minecraft:gunpowder":14,"minecraft:leather_leggings":1,"minecraft:beef":1,"minecraft:written_book":2,"minecraft:enchanted_book":2,"minecraft:bread":19,"minecraft:wheat_seeds":4,"minecraft:golden_horse_armor":2,"minecraft:iron_helmet":1,"minecraft:apple":1,"minecraft:granite":6,"minecraft:golden_apple":2,"minecraft:diamond_horse_armor":1,"minecraft:gray_wool":2,"minecraft:torch":9,"minecraft:cooked_salmon":1,"minecraft:zombie_head":2,"minecraft:diamond_helmet":1,"minecraft:iron_leggings":1,"minecraft:string":8,"minecraft:acacia_planks":9,"minecraft:spruce_sapling":10,"minecraft:player_head":4,"minecraft:stone_sword":2,"minecraft:cocoa_beans":5,"minecraft:light_gray_wool":1,"minecraft:iron_boots":1,"minecraft:name_tag":2,"minecraft:diamond_sword":3,"minecraft:shield":1,"minecraft:diamond_chestplate":2,"minecraft:spruce_planks":1,"minecraft:iron_chestplate":4,"minecraft:diamond_pickaxe":1,"minecraft:golden_sword":1,"minecraft:spider_eye":1,"minecraft:diamond_boots":1,"minecraft:slime_ball":1,"minecraft:sandstone":95,"minecraft:bow":2,"minecraft:stone_pickaxe":1,"minecraft:dark_prismarine":2},"minecraft:crafted":{"minecraft:oak_planks":116,"minecraft:cooked_chicken":5,"minecraft:diamond_helmet":2,"minecraft:bow":3,"minecraft:diamond_leggings":1,"minecraft:iron_boots":1,"minecraft:chest":3,"minecraft:cooked_rabbit":3,"minecraft:cooked_porkchop":6,"minecraft:crafting_table":3,"minecraft:spruce_planks":284,"minecraft:wooden_pickaxe":1,"minecraft:iron_helmet":1,"minecraft:iron_chestplate":1,"minecraft:diamond_pickaxe":1,"minecraft:shield":6,"minecraft:stick":40,"minecraft:iron_ingot":21,"minecraft:iron_pickaxe":1,"minecraft:gold_ingot":36,"minecraft:furnace":5,"minecraft:stone_pickaxe":1,"minecraft:wheat":244,"minecraft:cooked_beef":2,"minecraft:diamond_sword":1,"minecraft:spruce_sign":3,"minecraft:iron_sword":1,"minecraft:cooked_salmon":9,"minecraft:bucket":1,"minecraft:bread":84,"minecraft:air":0,"minecraft:golden_apple":6,"minecraft:wooden_axe":2,"minecraft:iron_leggings":1,"minecraft:torch":108,"minecraft:diamond_chestplate":1},"minecraft:mined":{"minecraft:dark_oak_planks":2,"minecraft:spruce_planks":32,"minecraft:potted_cactus":1,"minecraft:brewing_stand":1,"minecraft:granite":20,"minecraft:jungle_log":10,"minecraft:nether_wart":11,"minecraft:sandstone_stairs":1,"minecraft:spawner":13,"minecraft:iron_ore":11,"minecraft:fire":62,"minecraft:deepslate_lapis_ore":1,"minecraft:cave_vines":1,"minecraft:smooth_sandstone_stairs":2,"minecraft:spruce_wood":1,"minecraft:deepslate_redstone_ore":5,"minecraft:cut_sandstone":6,"minecraft:cyan_terracotta":1,"minecraft:blackstone":31,"minecraft:dead_bush":27,"minecraft:cobblestone":4,"minecraft:sugar_cane":5,"minecraft:oak_planks":2,"minecraft:wall_torch":2,"minecraft:light_gray_wool":1,"minecraft:tnt":2,"minecraft:potted_poppy":1,"minecraft:smooth_stone_slab":2,"minecraft:oak_log":32,"minecraft:sand":10,"minecraft:smooth_basalt":2,"minecraft:netherrack":1,"minecraft:oak_leaves":2,"minecraft:deepslate":1,"minecraft:nether_gold_ore":4,"minecraft:dark_prismarine":9,"minecraft:mossy_cobblestone":1,"minecraft:deepslate_diamond_ore":6,"minecraft:polished_andesite_slab":1,"minecraft:red_mushroom":1,"minecraft:sandstone":24,"minecraft:hay_block":29,"minecraft:furnace":7,"minecraft:acacia_wood":1,"minecraft:gold_block":4,"minecraft:bookshelf":4,"minecraft:shroomlight":1,"minecraft:deepslate_iron_ore":9,"minecraft:vine":2,"minecraft:stone":33,"minecraft:scaffolding":6,"minecraft:soul_sand":2,"minecraft:crafting_table":13,"minecraft:short_grass":30,"minecraft:lectern":1,"minecraft:tall_grass":7,"minecraft:lapis_ore":1,"minecraft:deepslate_gold_ore":8,"minecraft:gray_wool":2,"minecraft:spruce_log":141,"minecraft:coal_ore":39,"minecraft:zombie_head":2,"minecraft:gravel":15,"minecraft:acacia_planks":9,"minecraft:stripped_acacia_wood":1,"minecraft:polished_andesite":1,"minecraft:fern":2},"minecraft:picked_up":{"minecraft:wooden_axe":1,"minecraft:iron_chestplate":9,"minecraft:wheat":9,"minecraft:diamond_sword":13,"minecraft:wither_rose":3,"minecraft:enchanted_book":11,"minecraft:brewing_stand":1,"minecraft:golden_sword":2,"minecraft:string":52,"minecraft:cooked_salmon":20,"minecraft:smooth_stone_slab":5,"minecraft:iron_leggings":7,"minecraft:zombie_head":2,"minecraft:shroomlight":2,"minecraft:diamond_leggings":2,"minecraft:gold_nugget":51,"minecraft:cobbled_deepslate":3,"minecraft:spruce_planks":640,"minecraft:written_book":1,"minecraft:iron_pickaxe":7,"minecraft:iron_boots":7,"minecraft:furnace":14,"minecraft:stick":459,"minecraft:torch":127,"minecraft:porkchop":53,"minecraft:golden_chestplate":3,"minecraft:goat_horn":4,"minecraft:stone_sword":3,"minecraft:rotten_flesh":63,"minecraft:blaze_rod":4,"minecraft:cobblestone":61,"minecraft:dune_armor_trim_smithing_template":6,"minecraft:water_bucket":2,"minecraft:jungle_log":20,"minecraft:potato":39,"minecraft:flint":3,"minecraft:smooth_sandstone_stairs":4,"minecraft:wither_skeleton_skull":6,"minecraft:lapis_lazuli":80,"minecraft:dirt":5,"minecraft:cut_sandstone_slab":2,"minecraft:name_tag":8,"minecraft:bone":328,"minecraft:acacia_planks":33,"minecraft:bow":1,"minecraft:wheat_seeds":27,"minecraft:raw_gold":48,"minecraft:diamond_helmet":1,"minecraft:rabbit":1,"minecraft:oak_planks":163,"minecraft:cooked_porkchop":28,"minecraft:stripped_acacia_wood":2,"minecraft:sand":8,"minecraft:dark_prismarine":12,"minecraft:diamond":36,"minecraft:crossbow":3,"minecraft:granite":29,"minecraft:bone_meal":2,"minecraft:golden_apple":15,"minecraft:bread":233,"minecraft:golden_horse_armor":4,"minecraft:emerald":2,"minecraft:oak_sapling":30,"minecraft:netherrack":1,"minecraft:diamond_pickaxe":3,"minecraft:cocoa_beans":40,"minecraft:crafting_table":24,"minecraft:chicken":2,"minecraft:nether_wart":18,"minecraft:leather_leggings":1,"minecraft:brown_mushroom":5,"minecraft:gold_block":8,"minecraft:diamond_horse_armor":1,"minecraft:shield":8,"minecraft:iron_axe":3,"minecraft:flint_and_steel":1,"minecraft:netherite_scrap":6,"minecraft:blackstone":61,"minecraft:netherite_sword":2,"minecraft:beef":3,"minecraft:player_head":4,"minecraft:iron_nugget":22,"minecraft:light_gray_wool":3,"minecraft:lectern":4,"minecraft:sugar_cane":10,"minecraft:phantom_membrane":3,"minecraft:egg":3,"minecraft:raw_iron":67,"minecraft:sandstone":316,"minecraft:carrot":51,"minecraft:redstone":54,"minecraft:dark_oak_planks":4,"minecraft:tnt":2,"minecraft:diamond_chestplate":5,"minecraft:arrow":145,"minecraft:stone_shovel":1,"minecraft:diamond_boots":2,"minecraft:hay_block":31,"minecraft:sandstone_stairs":2,"minecraft:saddle":8,"minecraft:gold_ingot":104,"minecraft:netherite_boots":4,"minecraft:golden_carrot":9,"minecraft:salmon":19,"minecraft:leather":14,"minecraft:cut_sandstone":13,"minecraft:red_mushroom":1,"minecraft:acacia_wood":1,"minecraft:oak_log":78,"minecraft:gunpowder":61,"minecraft:apple":12,"minecraft:rabbit_hide":2,"minecraft:spruce_wood":3,"minecraft:iron_ingot":39,"minecraft:stone_pickaxe":4,"minecraft:cooked_chicken":23,"minecraft:soul_sand":1,"minecraft:iron_sword":2,"minecraft:book":70,"minecraft:smooth_basalt":4,"minecraft:gravel":13,"minecraft:spruce_sapling":10,"minecraft:spruce_log":262,"minecraft:spider_eye":16,"minecraft:slime_ball":64,"minecraft:stone_axe":5,"minecraft:iron_helmet":3,"minecraft:diamond_axe":4,"minecraft:gray_wool":2,"minecraft:netherite_hoe":1,"minecraft:coal":431},"minecraft:killed":{"minecraft:skeleton":16,"minecraft:chicken":1,"minecraft:pig":3,"minecraft:salmon":24,"minecraft:creeper":1,"minecraft:pillager":4,"minecraft:zombie":44,"minecraft:blaze":13,"minecraft:cow":2,"minecraft:armadillo":2,"minecraft:slime":16,"minecraft:phantom":2,"minecraft:rabbit":1,"minecraft:hoglin":5,"minecraft:wither_skeleton":28,"minecraft:enderman":1},"minecraft:custom":{"minecraft:interact_with_crafting_table":59,"minecraft:open_barrel":1,"minecraft:leave_game":5,"minecraft:time_since_death":13141,"minecraft:sprint_one_cm":526143,"minecraft:damage_blocked_by_shield":10688,"minecraft:drop":125,"minecraft:play_time":223760,"minecraft:deaths":28,"minecraft:jump":5001,"minecraft:walk_on_water_one_cm":79080,"minecraft:interact_with_furnace":62,"minecraft:sleep_in_bed":3,"minecraft:damage_dealt":31473,"minecraft:crouch_one_cm":75129,"minecraft:inspect_dispenser":2,"minecraft:mob_kills":165,"minecraft:climb_one_cm":3764,"minecraft:walk_one_cm":454524,"minecraft:sneak_time":27438,"minecraft:walk_under_water_one_cm":49403,"minecraft:boat_one_cm":178116,"minecraft:total_world_time":223760,"minecraft:tune_noteblock":1,"minecraft:time_since_rest":13179,"minecraft:damage_taken":14249,"minecraft:damage_absorbed":280,"minecraft:trigger_trapped_chest":1,"minecraft:swim_one_cm":128603,"minecraft:fly_one_cm":721017,"minecraft:open_chest":87,"minecraft:fall_one_cm":146649}},"DataVersion":3955}