{"stats":{"minecraft:killed_by":{"minecraft:player":2,"minecraft:wither_skeleton":11,"minecraft:creeper":1,"minecraft:skeleton":3,"minecraft:phantom":3,"minecraft:zombie":5},"minecraft:used":{"minecraft:spruce_planks":264,"minecraft:chest":1,"minecraft:shield":129,"minecraft:iron_sword":5,"minecraft:cooked_salmon":14,"minecraft:cooked_chicken":5,"minecraft:rotten_flesh":22,"minecraft:torch":76,"minecraft:carrot":6,"minecraft:golden_chestplate":1,"minecraft:granite":10,"minecraft:dark_oak_planks":2,"minecraft:wooden_axe":60,"minecraft:iron_axe":3,"minecraft:smooth_basalt":2,"minecraft:golden_carrot":2,"minecraft:bow":19,"minecraft:written_book":3,"minecraft:goat_horn":18,"minecraft:furnace":11,"minecraft:acacia_wood":1,"minecraft:egg":2,"minecraft:cooked_beef":2,"minecraft:cobbled_deepslate":1,"minecraft:water_bucket":2,"minecraft:stone_pickaxe":78,"minecraft:oak_planks":10,"minecraft:blackstone":9,"minecraft:wooden_pickaxe":4,"minecraft:sandstone":29,"minecraft:cut_sandstone":1,"minecraft:diamond_axe":209,"minecraft:golden_apple":7,"minecraft:golden_hoe":26,"minecraft:sand":16,"minecraft:tnt":1,"minecraft:crafting_table":15,"minecraft:crossbow":25,"minecraft:diamond_pickaxe":3,"minecraft:apple":1,"minecraft:bread":48,"minecraft:iron_pickaxe":171,"minecraft:gravel":13,"minecraft:stone_axe":56,"minecraft:diamond_sword":681,"minecraft:cobblestone":25,"minecraft:bucket":3,"minecraft:cooked_rabbit":3,"minecraft:experience_bottle":11},"minecraft:broken":{"minecraft:golden_hoe":1,"minecraft:diamond_boots":1,"minecraft:shield":4,"minecraft:wooden_axe":1},"minecraft:dropped":{"minecraft:enchanted_book":2,"minecraft:bread":19,"minecraft:iron_sword":2,"minecraft:porkchop":8,"minecraft:brown_mushroom":4,"minecraft:wheat_seeds":4,"minecraft:diamond":3,"minecraft:crafting_table":1,"minecraft:golden_horse_armor":1,"minecraft:sandstone_stairs":2,"minecraft:iron_helmet":1,"minecraft:granite":6,"minecraft:saddle":1,"minecraft:dirt":1,"minecraft:torch":9,"minecraft:cut_sandstone":12,"minecraft:diamond_helmet":1,"minecraft:cooked_salmon":1,"minecraft:zombie_head":2,"minecraft:iron_leggings":1,"minecraft:sand":3,"minecraft:iron_pickaxe":1,"minecraft:string":8,"minecraft:spruce_sapling":10,"minecraft:gold_ingot":4,"minecraft:bone":55,"minecraft:stone_axe":1,"minecraft:goat_horn":1,"minecraft:cooked_chicken":12,"minecraft:golden_chestplate":1,"minecraft:stone_sword":2,"minecraft:cocoa_beans":5,"minecraft:smooth_sandstone_stairs":4,"minecraft:wheat":1,"minecraft:light_gray_wool":1,"minecraft:iron_boots":1,"minecraft:oak_planks":4,"minecraft:name_tag":2,"minecraft:diamond_sword":1,"minecraft:rabbit_hide":2,"minecraft:shield":1,"minecraft:gunpowder":14,"minecraft:spruce_planks":1,"minecraft:iron_chestplate":2,"minecraft:spider_eye":1,"minecraft:beef":1,"minecraft:slime_ball":1,"minecraft:sandstone":95,"minecraft:bow":1,"minecraft:stone_pickaxe":1,"minecraft:dark_prismarine":2,"minecraft:written_book":2},"minecraft:crafted":{"minecraft:oak_planks":116,"minecraft:cooked_chicken":5,"minecraft:furnace":5,"minecraft:diamond_helmet":2,"minecraft:diamond_leggings":1,"minecraft:bow":3,"minecraft:iron_boots":1,"minecraft:stone_pickaxe":1,"minecraft:chest":1,"minecraft:cooked_rabbit":3,"minecraft:wheat":244,"minecraft:cooked_beef":2,"minecraft:diamond_sword":1,"minecraft:cooked_porkchop":6,"minecraft:crafting_table":3,"minecraft:spruce_planks":280,"minecraft:wooden_pickaxe":1,"minecraft:iron_helmet":1,"minecraft:iron_sword":1,"minecraft:cooked_salmon":9,"minecraft:bucket":1,"minecraft:bread":84,"minecraft:air":0,"minecraft:iron_chestplate":1,"minecraft:diamond_pickaxe":1,"minecraft:golden_apple":5,"minecraft:shield":5,"minecraft:stick":12,"minecraft:iron_ingot":21,"minecraft:iron_pickaxe":1,"minecraft:wooden_axe":2,"minecraft:gold_ingot":36,"minecraft:iron_leggings":1,"minecraft:torch":108,"minecraft:diamond_chestplate":1},"minecraft:mined":{"minecraft:dark_oak_planks":2,"minecraft:dark_prismarine":3,"minecraft:spruce_planks":29,"minecraft:mossy_cobblestone":1,"minecraft:deepslate_diamond_ore":6,"minecraft:potted_cactus":1,"minecraft:brewing_stand":1,"minecraft:granite":20,"minecraft:jungle_log":10,"minecraft:polished_andesite_slab":1,"minecraft:sandstone":24,"minecraft:spawner":12,"minecraft:sandstone_stairs":1,"minecraft:hay_block":29,"minecraft:furnace":7,"minecraft:iron_ore":11,"minecraft:fire":60,"minecraft:acacia_wood":1,"minecraft:deepslate_lapis_ore":1,"minecraft:gold_block":4,"minecraft:shroomlight":1,"minecraft:bookshelf":4,"minecraft:cave_vines":1,"minecraft:vine":2,"minecraft:deepslate_iron_ore":9,"minecraft:smooth_sandstone_stairs":2,"minecraft:spruce_wood":1,"minecraft:stone":33,"minecraft:deepslate_redstone_ore":5,"minecraft:cut_sandstone":6,"minecraft:scaffolding":6,"minecraft:cyan_terracotta":1,"minecraft:blackstone":31,"minecraft:crafting_table":12,"minecraft:short_grass":30,"minecraft:dead_bush":27,"minecraft:lectern":1,"minecraft:cobblestone":4,"minecraft:tall_grass":7,"minecraft:deepslate_gold_ore":8,"minecraft:lapis_ore":1,"minecraft:sugar_cane":2,"minecraft:oak_planks":2,"minecraft:wall_torch":2,"minecraft:spruce_log":141,"minecraft:light_gray_wool":1,"minecraft:tnt":2,"minecraft:potted_poppy":1,"minecraft:smooth_stone_slab":2,"minecraft:oak_log":32,"minecraft:coal_ore":39,"minecraft:zombie_head":2,"minecraft:gravel":15,"minecraft:sand":10,"minecraft:stripped_acacia_wood":1,"minecraft:smooth_basalt":2,"minecraft:acacia_planks":9,"minecraft:polished_andesite":1,"minecraft:oak_leaves":2,"minecraft:deepslate":1,"minecraft:fern":2},"minecraft:picked_up":{"minecraft:wooden_axe":1,"minecraft:iron_chestplate":7,"minecraft:cocoa_beans":40,"minecraft:crafting_table":24,"minecraft:wheat":9,"minecraft:chicken":2,"minecraft:brown_mushroom":5,"minecraft:diamond_sword":10,"minecraft:gold_block":8,"minecraft:enchanted_book":11,"minecraft:golden_sword":1,"minecraft:brewing_stand":1,"minecraft:shield":8,"minecraft:string":52,"minecraft:iron_axe":3,"minecraft:cooked_salmon":20,"minecraft:smooth_stone_slab":5,"minecraft:netherite_scrap":6,"minecraft:iron_leggings":7,"minecraft:zombie_head":2,"minecraft:shroomlight":2,"minecraft:blackstone":61,"minecraft:diamond_leggings":1,"minecraft:gold_nugget":34,"minecraft:cobbled_deepslate":3,"minecraft:netherite_sword":1,"minecraft:spruce_planks":526,"minecraft:beef":3,"minecraft:written_book":1,"minecraft:iron_nugget":22,"minecraft:iron_pickaxe":7,"minecraft:light_gray_wool":3,"minecraft:lectern":4,"minecraft:sugar_cane":4,"minecraft:phantom_membrane":3,"minecraft:iron_boots":7,"minecraft:egg":3,"minecraft:furnace":14,"minecraft:stick":459,"minecraft:raw_iron":67,"minecraft:sandstone":316,"minecraft:torch":127,"minecraft:porkchop":53,"minecraft:carrot":51,"minecraft:redstone":54,"minecraft:golden_chestplate":2,"minecraft:goat_horn":3,"minecraft:dark_oak_planks":4,"minecraft:diamond_chestplate":2,"minecraft:tnt":2,"minecraft:stone_sword":3,"minecraft:stone_shovel":1,"minecraft:arrow":144,"minecraft:rotten_flesh":63,"minecraft:diamond_boots":1,"minecraft:hay_block":31,"minecraft:sandstone_stairs":2,"minecraft:saddle":5,"minecraft:gold_ingot":32,"minecraft:cobblestone":60,"minecraft:netherite_boots":1,"minecraft:dune_armor_trim_smithing_template":6,"minecraft:water_bucket":2,"minecraft:jungle_log":20,"minecraft:salmon":9,"minecraft:leather":4,"minecraft:cut_sandstone":13,"minecraft:potato":39,"minecraft:acacia_wood":1,"minecraft:flint":3,"minecraft:smooth_sandstone_stairs":4,"minecraft:oak_log":78,"minecraft:wither_skeleton_skull":4,"minecraft:gunpowder":61,"minecraft:lapis_lazuli":80,"minecraft:dirt":3,"minecraft:name_tag":8,"minecraft:acacia_planks":24,"minecraft:bone":264,"minecraft:apple":10,"minecraft:wheat_seeds":27,"minecraft:spruce_wood":2,"minecraft:raw_gold":48,"minecraft:rabbit_hide":2,"minecraft:cooked_chicken":23,"minecraft:iron_ingot":38,"minecraft:stone_pickaxe":4,"minecraft:rabbit":1,"minecraft:iron_sword":2,"minecraft:oak_planks":163,"minecraft:book":36,"minecraft:smooth_basalt":4,"minecraft:cooked_porkchop":16,"minecraft:stripped_acacia_wood":2,"minecraft:gravel":13,"minecraft:sand":8,"minecraft:spruce_sapling":10,"minecraft:spruce_log":262,"minecraft:spider_eye":14,"minecraft:dark_prismarine":6,"minecraft:slime_ball":31,"minecraft:diamond":36,"minecraft:stone_axe":5,"minecraft:crossbow":1,"minecraft:diamond_axe":3,"minecraft:iron_helmet":3,"minecraft:granite":29,"minecraft:bone_meal":2,"minecraft:golden_apple":12,"minecraft:golden_horse_armor":3,"minecraft:emerald":2,"minecraft:bread":202,"minecraft:oak_sapling":30,"minecraft:coal":385,"minecraft:diamond_pickaxe":1},"minecraft:killed":{"minecraft:armadillo":2,"minecraft:slime":16,"minecraft:phantom":2,"minecraft:skeleton":16,"minecraft:chicken":1,"minecraft:pig":3,"minecraft:salmon":11,"minecraft:rabbit":1,"minecraft:hoglin":5,"minecraft:creeper":1,"minecraft:pillager":4,"minecraft:zombie":44,"minecraft:wither_skeleton":26,"minecraft:enderman":1,"minecraft:cow":2},"minecraft:custom":{"minecraft:mob_kills":137,"minecraft:interact_with_crafting_table":52,"minecraft:open_barrel":1,"minecraft:leave_game":4,"minecraft:time_since_death":543,"minecraft:climb_one_cm":3263,"minecraft:sprint_one_cm":416815,"minecraft:walk_one_cm":386600,"minecraft:damage_blocked_by_shield":9158,"minecraft:drop":96,"minecraft:play_time":189344,"minecraft:deaths":25,"minecraft:sneak_time":24982,"minecraft:walk_under_water_one_cm":37318,"minecraft:boat_one_cm":147701,"minecraft:jump":4060,"minecraft:walk_on_water_one_cm":74002,"minecraft:total_world_time":189344,"minecraft:interact_with_furnace":62,"minecraft:tune_noteblock":1,"minecraft:sleep_in_bed":3,"minecraft:time_since_rest":571,"minecraft:damage_taken":12169,"minecraft:damage_absorbed":280,"minecraft:trigger_trapped_chest":1,"minecraft:damage_dealt":26822,"minecraft:fly_one_cm":549977,"minecraft:swim_one_cm":99033,"minecraft:open_chest":63,"minecraft:crouch_one_cm":66034,"minecraft:fall_one_cm":117547,"minecraft:inspect_dispenser":2}},"DataVersion":3955}