{"stats":{"minecraft:killed_by":{"minecraft:skeleton":3,"minecraft:creeper":1,"minecraft:zombie":2},"minecraft:used":{"minecraft:stone_pickaxe":78,"minecraft:oak_planks":10,"minecraft:blackstone":9,"minecraft:shield":37,"minecraft:wooden_pickaxe":4,"minecraft:cooked_chicken":5,"minecraft:rotten_flesh":22,"minecraft:golden_hoe":26,"minecraft:sand":16,"minecraft:crafting_table":8,"minecraft:tnt":1,"minecraft:granite":10,"minecraft:wooden_axe":60,"minecraft:apple":1,"minecraft:bread":6,"minecraft:iron_pickaxe":101,"minecraft:gravel":13,"minecraft:diamond_sword":11,"minecraft:smooth_basalt":2,"minecraft:stone_axe":53,"minecraft:cobblestone":23,"minecraft:furnace":6,"minecraft:cooked_rabbit":3,"minecraft:acacia_wood":1,"minecraft:egg":2,"minecraft:cobbled_deepslate":1},"minecraft:broken":{"minecraft:golden_hoe":1,"minecraft:shield":1,"minecraft:wooden_axe":1},"minecraft:dropped":{"minecraft:enchanted_book":1,"minecraft:bread":5,"minecraft:wheat_seeds":2,"minecraft:cooked_chicken":12,"minecraft:cocoa_beans":5,"minecraft:diamond":3,"minecraft:granite":6,"minecraft:saddle":1,"minecraft:dirt":1,"minecraft:shield":1,"minecraft:sandstone":6,"minecraft:sand":3,"minecraft:bow":1,"minecraft:gold_ingot":4},"minecraft:crafted":{"minecraft:cooked_beef":2,"minecraft:oak_planks":116,"minecraft:diamond_sword":1,"minecraft:crafting_table":2,"minecraft:wooden_pickaxe":1,"minecraft:cooked_chicken":5,"minecraft:furnace":5,"minecraft:bread":9,"minecraft:air":0,"minecraft:iron_boots":1,"minecraft:iron_chestplate":1,"minecraft:bow":2,"minecraft:shield":3,"minecraft:iron_ingot":21,"minecraft:iron_pickaxe":1,"minecraft:stone_pickaxe":1,"minecraft:wooden_axe":2,"minecraft:iron_leggings":1,"minecraft:torch":16,"minecraft:cooked_rabbit":3,"minecraft:wheat":27},"minecraft:mined":{"minecraft:deepslate_redstone_ore":5,"minecraft:blackstone":31,"minecraft:deepslate_diamond_ore":6,"minecraft:potted_cactus":1,"minecraft:crafting_table":7,"minecraft:granite":20,"minecraft:short_grass":22,"minecraft:jungle_log":10,"minecraft:dead_bush":27,"minecraft:tall_grass":6,"minecraft:cobblestone":4,"minecraft:oak_planks":2,"minecraft:lapis_ore":1,"minecraft:deepslate_gold_ore":8,"minecraft:sugar_cane":2,"minecraft:sandstone":3,"minecraft:hay_block":5,"minecraft:furnace":6,"minecraft:iron_ore":11,"minecraft:acacia_wood":1,"minecraft:tnt":2,"minecraft:deepslate_lapis_ore":1,"minecraft:coal_ore":39,"minecraft:oak_log":32,"minecraft:deepslate_iron_ore":9,"minecraft:vine":2,"minecraft:gravel":15,"minecraft:sand":10,"minecraft:smooth_basalt":2,"minecraft:stone":33,"minecraft:oak_leaves":1,"minecraft:deepslate":1,"minecraft:fern":2},"minecraft:picked_up":{"minecraft:wooden_axe":1,"minecraft:cocoa_beans":30,"minecraft:crafting_table":11,"minecraft:chicken":2,"minecraft:salmon":8,"minecraft:jungle_log":20,"minecraft:acacia_wood":1,"minecraft:enchanted_book":3,"minecraft:flint":3,"minecraft:oak_log":78,"minecraft:shield":1,"minecraft:gunpowder":32,"minecraft:lapis_lazuli":48,"minecraft:string":22,"minecraft:dirt":3,"minecraft:bone":39,"minecraft:blackstone":61,"minecraft:apple":2,"minecraft:wheat_seeds":25,"minecraft:gold_nugget":34,"minecraft:cobbled_deepslate":3,"minecraft:raw_gold":24,"minecraft:rabbit_hide":1,"minecraft:stone_pickaxe":4,"minecraft:iron_ingot":16,"minecraft:cooked_chicken":23,"minecraft:rabbit":1,"minecraft:iron_nugget":22,"minecraft:iron_pickaxe":1,"minecraft:sugar_cane":4,"minecraft:oak_planks":109,"minecraft:furnace":5,"minecraft:egg":3,"minecraft:sandstone":6,"minecraft:raw_iron":67,"minecraft:stick":225,"minecraft:smooth_basalt":4,"minecraft:gravel":13,"minecraft:porkchop":2,"minecraft:sand":8,"minecraft:redstone":51,"minecraft:spider_eye":2,"minecraft:tnt":2,"minecraft:arrow":10,"minecraft:rotten_flesh":23,"minecraft:diamond":6,"minecraft:stone_axe":4,"minecraft:hay_block":3,"minecraft:bone_meal":1,"minecraft:granite":29,"minecraft:golden_apple":2,"minecraft:bread":6,"minecraft:gold_ingot":12,"minecraft:emerald":2,"minecraft:oak_sapling":30,"minecraft:coal":179,"minecraft:cobblestone":60},"minecraft:killed":{"minecraft:armadillo":2,"minecraft:pig":1,"minecraft:salmon":11,"minecraft:rabbit":1,"minecraft:skeleton":4,"minecraft:zombie":9,"minecraft:chicken":1,"minecraft:cow":1,"minecraft:enderman":1},"minecraft:custom":{"minecraft:interact_with_furnace":43,"minecraft:mob_kills":31,"minecraft:interact_with_crafting_table":17,"minecraft:leave_game":3,"minecraft:time_since_death":15009,"minecraft:sleep_in_bed":3,"minecraft:climb_one_cm":397,"minecraft:time_since_rest":15058,"minecraft:sprint_one_cm":147047,"minecraft:damage_taken":2839,"minecraft:walk_one_cm":130607,"minecraft:damage_blocked_by_shield":2740,"minecraft:drop":26,"minecraft:damage_dealt":3465,"minecraft:swim_one_cm":18246,"minecraft:fly_one_cm":305252,"minecraft:open_chest":12,"minecraft:walk_under_water_one_cm":10577,"minecraft:crouch_one_cm":26244,"minecraft:play_time":75384,"minecraft:deaths":6,"minecraft:sneak_time":9910,"minecraft:jump":1941,"minecraft:walk_on_water_one_cm":6849,"minecraft:total_world_time":75384,"minecraft:fall_one_cm":73477}},"DataVersion":3955}