{"stats":{"minecraft:killed_by":{"minecraft:creeper":1,"minecraft:skeleton":3,"minecraft:zombie":5},"minecraft:used":{"minecraft:shield":88,"minecraft:cooked_salmon":14,"minecraft:cooked_chicken":5,"minecraft:rotten_flesh":22,"minecraft:torch":37,"minecraft:granite":10,"minecraft:wooden_axe":60,"minecraft:iron_axe":3,"minecraft:smooth_basalt":2,"minecraft:bow":7,"minecraft:written_book":1,"minecraft:furnace":9,"minecraft:acacia_wood":1,"minecraft:egg":2,"minecraft:cooked_beef":2,"minecraft:cobbled_deepslate":1,"minecraft:stone_pickaxe":78,"minecraft:oak_planks":10,"minecraft:blackstone":9,"minecraft:wooden_pickaxe":4,"minecraft:sandstone":22,"minecraft:cut_sandstone":1,"minecraft:golden_apple":3,"minecraft:golden_hoe":26,"minecraft:sand":16,"minecraft:tnt":1,"minecraft:crafting_table":11,"minecraft:apple":1,"minecraft:bread":6,"minecraft:iron_pickaxe":149,"minecraft:gravel":13,"minecraft:stone_axe":56,"minecraft:diamond_sword":157,"minecraft:cobblestone":25,"minecraft:cooked_rabbit":3},"minecraft:broken":{"minecraft:golden_hoe":1,"minecraft:shield":2,"minecraft:wooden_axe":1},"minecraft:dropped":{"minecraft:enchanted_book":2,"minecraft:bread":5,"minecraft:brown_mushroom":4,"minecraft:wheat_seeds":2,"minecraft:diamond":3,"minecraft:sandstone_stairs":2,"minecraft:granite":6,"minecraft:saddle":1,"minecraft:dirt":1,"minecraft:cut_sandstone":12,"minecraft:cooked_salmon":1,"minecraft:sand":3,"minecraft:gold_ingot":4,"minecraft:cooked_chicken":12,"minecraft:cocoa_beans":5,"minecraft:name_tag":2,"minecraft:rabbit_hide":2,"minecraft:shield":1,"minecraft:gunpowder":14,"minecraft:spruce_planks":1,"minecraft:iron_chestplate":1,"minecraft:spider_eye":1,"minecraft:sandstone":6,"minecraft:bow":1,"minecraft:stone_pickaxe":1,"minecraft:written_book":1},"minecraft:crafted":{"minecraft:oak_planks":116,"minecraft:cooked_chicken":5,"minecraft:furnace":5,"minecraft:bow":3,"minecraft:iron_boots":1,"minecraft:stone_pickaxe":1,"minecraft:cooked_rabbit":3,"minecraft:wheat":27,"minecraft:cooked_beef":2,"minecraft:diamond_sword":1,"minecraft:crafting_table":2,"minecraft:wooden_pickaxe":1,"minecraft:iron_helmet":1,"minecraft:cooked_salmon":9,"minecraft:bread":9,"minecraft:air":0,"minecraft:iron_chestplate":1,"minecraft:golden_apple":5,"minecraft:shield":4,"minecraft:stick":12,"minecraft:iron_ingot":21,"minecraft:iron_pickaxe":1,"minecraft:wooden_axe":2,"minecraft:gold_ingot":36,"minecraft:iron_leggings":1,"minecraft:torch":48},"minecraft:mined":{"minecraft:spruce_planks":1,"minecraft:mossy_cobblestone":1,"minecraft:deepslate_diamond_ore":6,"minecraft:potted_cactus":1,"minecraft:granite":20,"minecraft:jungle_log":10,"minecraft:sandstone":24,"minecraft:spawner":7,"minecraft:sandstone_stairs":1,"minecraft:hay_block":5,"minecraft:furnace":7,"minecraft:iron_ore":11,"minecraft:acacia_wood":1,"minecraft:deepslate_lapis_ore":1,"minecraft:gold_block":4,"minecraft:vine":2,"minecraft:deepslate_iron_ore":9,"minecraft:stone":33,"minecraft:deepslate_redstone_ore":5,"minecraft:cut_sandstone":6,"minecraft:cyan_terracotta":1,"minecraft:blackstone":31,"minecraft:crafting_table":11,"minecraft:short_grass":22,"minecraft:dead_bush":27,"minecraft:cobblestone":4,"minecraft:tall_grass":6,"minecraft:deepslate_gold_ore":8,"minecraft:lapis_ore":1,"minecraft:sugar_cane":2,"minecraft:oak_planks":2,"minecraft:wall_torch":1,"minecraft:tnt":2,"minecraft:smooth_stone_slab":2,"minecraft:oak_log":32,"minecraft:coal_ore":39,"minecraft:zombie_head":2,"minecraft:gravel":15,"minecraft:sand":10,"minecraft:smooth_basalt":2,"minecraft:oak_leaves":1,"minecraft:deepslate":1,"minecraft:fern":2},"minecraft:picked_up":{"minecraft:wooden_axe":1,"minecraft:iron_chestplate":4,"minecraft:cocoa_beans":40,"minecraft:crafting_table":21,"minecraft:chicken":2,"minecraft:brown_mushroom":5,"minecraft:diamond_sword":3,"minecraft:gold_block":8,"minecraft:enchanted_book":7,"minecraft:shield":4,"minecraft:string":52,"minecraft:iron_axe":3,"minecraft:cooked_salmon":20,"minecraft:smooth_stone_slab":5,"minecraft:iron_leggings":3,"minecraft:zombie_head":2,"minecraft:blackstone":61,"minecraft:gold_nugget":34,"minecraft:cobbled_deepslate":3,"minecraft:spruce_planks":1,"minecraft:iron_nugget":22,"minecraft:iron_pickaxe":4,"minecraft:sugar_cane":4,"minecraft:iron_boots":3,"minecraft:egg":3,"minecraft:furnace":12,"minecraft:stick":336,"minecraft:raw_iron":67,"minecraft:sandstone":269,"minecraft:torch":4,"minecraft:porkchop":2,"minecraft:carrot":6,"minecraft:redstone":54,"minecraft:tnt":2,"minecraft:arrow":50,"minecraft:rotten_flesh":57,"minecraft:hay_block":3,"minecraft:sandstone_stairs":2,"minecraft:saddle":3,"minecraft:gold_ingot":18,"minecraft:cobblestone":60,"minecraft:dune_armor_trim_smithing_template":6,"minecraft:jungle_log":20,"minecraft:salmon":9,"minecraft:cut_sandstone":13,"minecraft:potato":9,"minecraft:acacia_wood":1,"minecraft:flint":3,"minecraft:oak_log":78,"minecraft:gunpowder":61,"minecraft:lapis_lazuli":80,"minecraft:dirt":3,"minecraft:name_tag":8,"minecraft:bone":178,"minecraft:apple":6,"minecraft:wheat_seeds":25,"minecraft:raw_gold":48,"minecraft:rabbit_hide":2,"minecraft:cooked_chicken":23,"minecraft:iron_ingot":22,"minecraft:stone_pickaxe":4,"minecraft:rabbit":1,"minecraft:oak_planks":163,"minecraft:smooth_basalt":4,"minecraft:gravel":13,"minecraft:sand":8,"minecraft:spider_eye":8,"minecraft:diamond":14,"minecraft:stone_axe":4,"minecraft:granite":29,"minecraft:bone_meal":2,"minecraft:golden_apple":5,"minecraft:golden_horse_armor":3,"minecraft:emerald":2,"minecraft:bread":6,"minecraft:oak_sapling":30,"minecraft:coal":278},"minecraft:killed":{"minecraft:armadillo":2,"minecraft:skeleton":14,"minecraft:chicken":1,"minecraft:pig":1,"minecraft:salmon":11,"minecraft:rabbit":1,"minecraft:creeper":1,"minecraft:zombie":40,"minecraft:enderman":1,"minecraft:cow":1},"minecraft:custom":{"minecraft:mob_kills":73,"minecraft:interact_with_crafting_table":26,"minecraft:leave_game":3,"minecraft:time_since_death":13504,"minecraft:climb_one_cm":397,"minecraft:sprint_one_cm":259134,"minecraft:walk_one_cm":231648,"minecraft:damage_blocked_by_shield":6563,"minecraft:drop":41,"minecraft:play_time":105384,"minecraft:deaths":9,"minecraft:sneak_time":12566,"minecraft:walk_under_water_one_cm":14082,"minecraft:boat_one_cm":48107,"minecraft:jump":2341,"minecraft:walk_on_water_one_cm":12592,"minecraft:total_world_time":105384,"minecraft:interact_with_furnace":57,"minecraft:sleep_in_bed":3,"minecraft:time_since_rest":13537,"minecraft:damage_taken":5194,"minecraft:damage_absorbed":102,"minecraft:damage_dealt":11677,"minecraft:fly_one_cm":361813,"minecraft:swim_one_cm":29565,"minecraft:open_chest":38,"minecraft:crouch_one_cm":32080,"minecraft:fall_one_cm":82770}},"DataVersion":3955}