{"stats":{"minecraft:killed_by":{"minecraft:creeper":1,"minecraft:skeleton":3,"minecraft:zombie":2},"minecraft:used":{"minecraft:shield":46,"minecraft:cooked_salmon":5,"minecraft:cooked_chicken":5,"minecraft:rotten_flesh":22,"minecraft:torch":4,"minecraft:granite":10,"minecraft:wooden_axe":60,"minecraft:smooth_basalt":2,"minecraft:written_book":1,"minecraft:furnace":9,"minecraft:acacia_wood":1,"minecraft:egg":2,"minecraft:cooked_beef":2,"minecraft:cobbled_deepslate":1,"minecraft:stone_pickaxe":78,"minecraft:oak_planks":10,"minecraft:blackstone":9,"minecraft:wooden_pickaxe":4,"minecraft:cut_sandstone":1,"minecraft:golden_hoe":26,"minecraft:sand":16,"minecraft:tnt":1,"minecraft:crafting_table":8,"minecraft:apple":1,"minecraft:bread":6,"minecraft:iron_pickaxe":128,"minecraft:gravel":13,"minecraft:stone_axe":56,"minecraft:diamond_sword":19,"minecraft:cobblestone":25,"minecraft:cooked_rabbit":3},"minecraft:broken":{"minecraft:golden_hoe":1,"minecraft:shield":1,"minecraft:wooden_axe":1},"minecraft:dropped":{"minecraft:enchanted_book":1,"minecraft:bread":5,"minecraft:wheat_seeds":2,"minecraft:diamond":3,"minecraft:sandstone_stairs":2,"minecraft:granite":6,"minecraft:saddle":1,"minecraft:dirt":1,"minecraft:cut_sandstone":12,"minecraft:cooked_salmon":1,"minecraft:sand":3,"minecraft:gold_ingot":4,"minecraft:cooked_chicken":12,"minecraft:cocoa_beans":5,"minecraft:rabbit_hide":2,"minecraft:shield":1,"minecraft:spruce_planks":1,"minecraft:spider_eye":1,"minecraft:sandstone":6,"minecraft:bow":1,"minecraft:stone_pickaxe":1,"minecraft:written_book":1},"minecraft:crafted":{"minecraft:oak_planks":116,"minecraft:cooked_chicken":5,"minecraft:furnace":5,"minecraft:bow":2,"minecraft:iron_boots":1,"minecraft:stone_pickaxe":1,"minecraft:cooked_rabbit":3,"minecraft:wheat":27,"minecraft:cooked_beef":2,"minecraft:diamond_sword":1,"minecraft:crafting_table":2,"minecraft:wooden_pickaxe":1,"minecraft:cooked_salmon":9,"minecraft:bread":9,"minecraft:air":0,"minecraft:iron_chestplate":1,"minecraft:shield":3,"minecraft:stick":12,"minecraft:iron_ingot":21,"minecraft:iron_pickaxe":1,"minecraft:wooden_axe":2,"minecraft:iron_leggings":1,"minecraft:torch":24},"minecraft:mined":{"minecraft:spruce_planks":1,"minecraft:deepslate_diamond_ore":6,"minecraft:potted_cactus":1,"minecraft:granite":20,"minecraft:jungle_log":10,"minecraft:sandstone":18,"minecraft:sandstone_stairs":1,"minecraft:hay_block":5,"minecraft:furnace":7,"minecraft:iron_ore":11,"minecraft:acacia_wood":1,"minecraft:deepslate_lapis_ore":1,"minecraft:gold_block":4,"minecraft:vine":2,"minecraft:deepslate_iron_ore":9,"minecraft:stone":33,"minecraft:deepslate_redstone_ore":5,"minecraft:cut_sandstone":6,"minecraft:blackstone":31,"minecraft:crafting_table":8,"minecraft:short_grass":22,"minecraft:dead_bush":27,"minecraft:cobblestone":4,"minecraft:tall_grass":6,"minecraft:deepslate_gold_ore":8,"minecraft:lapis_ore":1,"minecraft:sugar_cane":2,"minecraft:oak_planks":2,"minecraft:tnt":2,"minecraft:oak_log":32,"minecraft:coal_ore":39,"minecraft:gravel":15,"minecraft:sand":10,"minecraft:smooth_basalt":2,"minecraft:oak_leaves":1,"minecraft:deepslate":1,"minecraft:fern":2},"minecraft:picked_up":{"minecraft:wooden_axe":1,"minecraft:cocoa_beans":30,"minecraft:crafting_table":12,"minecraft:chicken":2,"minecraft:gold_block":4,"minecraft:enchanted_book":3,"minecraft:shield":1,"minecraft:string":22,"minecraft:blackstone":61,"minecraft:gold_nugget":34,"minecraft:cobbled_deepslate":3,"minecraft:spruce_planks":1,"minecraft:iron_nugget":22,"minecraft:iron_pickaxe":1,"minecraft:sugar_cane":4,"minecraft:egg":3,"minecraft:furnace":6,"minecraft:stick":225,"minecraft:raw_iron":67,"minecraft:sandstone":70,"minecraft:porkchop":2,"minecraft:redstone":54,"minecraft:tnt":2,"minecraft:arrow":18,"minecraft:rotten_flesh":23,"minecraft:hay_block":3,"minecraft:sandstone_stairs":2,"minecraft:gold_ingot":12,"minecraft:cobblestone":60,"minecraft:jungle_log":20,"minecraft:salmon":9,"minecraft:cut_sandstone":13,"minecraft:acacia_wood":1,"minecraft:flint":3,"minecraft:oak_log":78,"minecraft:gunpowder":33,"minecraft:lapis_lazuli":48,"minecraft:dirt":3,"minecraft:bone":58,"minecraft:apple":2,"minecraft:wheat_seeds":25,"minecraft:raw_gold":24,"minecraft:rabbit_hide":2,"minecraft:cooked_chicken":23,"minecraft:iron_ingot":16,"minecraft:stone_pickaxe":4,"minecraft:rabbit":1,"minecraft:oak_planks":109,"minecraft:smooth_basalt":4,"minecraft:gravel":13,"minecraft:sand":8,"minecraft:spider_eye":2,"minecraft:diamond":6,"minecraft:stone_axe":4,"minecraft:granite":29,"minecraft:bone_meal":2,"minecraft:golden_apple":2,"minecraft:emerald":2,"minecraft:bread":6,"minecraft:oak_sapling":30,"minecraft:coal":179},"minecraft:killed":{"minecraft:armadillo":2,"minecraft:skeleton":7,"minecraft:chicken":1,"minecraft:pig":1,"minecraft:salmon":11,"minecraft:rabbit":1,"minecraft:creeper":1,"minecraft:zombie":9,"minecraft:enderman":1,"minecraft:cow":1},"minecraft:custom":{"minecraft:mob_kills":35,"minecraft:interact_with_crafting_table":23,"minecraft:leave_game":3,"minecraft:time_since_death":27009,"minecraft:climb_one_cm":397,"minecraft:sprint_one_cm":182163,"minecraft:walk_one_cm":156522,"minecraft:damage_blocked_by_shield":3065,"minecraft:drop":35,"minecraft:play_time":87384,"minecraft:deaths":6,"minecraft:sneak_time":10961,"minecraft:walk_under_water_one_cm":14082,"minecraft:boat_one_cm":32176,"minecraft:jump":2136,"minecraft:walk_on_water_one_cm":11127,"minecraft:total_world_time":87384,"minecraft:interact_with_furnace":57,"minecraft:sleep_in_bed":3,"minecraft:time_since_rest":27058,"minecraft:damage_taken":3323,"minecraft:damage_dealt":3935,"minecraft:fly_one_cm":342261,"minecraft:swim_one_cm":29565,"minecraft:open_chest":15,"minecraft:crouch_one_cm":29246,"minecraft:fall_one_cm":81733}},"DataVersion":3955}