{"stats":{"minecraft:killed_by":{"minecraft:zombified_piglin":3,"minecraft:wither_skeleton":11,"minecraft:creeper":1,"minecraft:zombie":5,"minecraft:husk":2,"minecraft:player":2,"minecraft:skeleton":3,"minecraft:phantom":3},"minecraft:broken":{"minecraft:diamond_boots":1,"minecraft:wooden_axe":1,"minecraft:golden_hoe":1,"minecraft:diamond_chestplate":1,"minecraft:shield":6},"minecraft:used":{"minecraft:oak_sign":2,"minecraft:chest":3,"minecraft:shield":192,"minecraft:iron_sword":5,"minecraft:rotten_flesh":32,"minecraft:carrot":6,"minecraft:milk_bucket":1,"minecraft:bow":19,"minecraft:hay_block":3,"minecraft:written_book":3,"minecraft:furnace":11,"minecraft:egg":2,"minecraft:stone_pickaxe":78,"minecraft:oak_planks":10,"minecraft:blackstone":9,"minecraft:ender_pearl":1,"minecraft:wooden_pickaxe":4,"minecraft:sandstone":29,"minecraft:sugar_cane":6,"minecraft:diamond_axe":260,"minecraft:golden_apple":7,"minecraft:golden_hoe":26,"minecraft:sand":16,"minecraft:blast_furnace":2,"minecraft:crossbow":25,"minecraft:melon_slice":5,"minecraft:bread":67,"minecraft:gravel":13,"minecraft:diamond_sword":802,"minecraft:cooked_rabbit":3,"minecraft:experience_bottle":11,"minecraft:flint_and_steel":1,"minecraft:spruce_planks":391,"minecraft:cooked_salmon":14,"minecraft:cooked_chicken":5,"minecraft:netherrack":1,"minecraft:torch":76,"minecraft:dirt":2,"minecraft:golden_chestplate":2,"minecraft:granite":10,"minecraft:nether_brick_stairs":1,"minecraft:dark_oak_planks":2,"minecraft:wooden_axe":60,"minecraft:iron_axe":3,"minecraft:smooth_basalt":2,"minecraft:diamond_chestplate":1,"minecraft:golden_carrot":11,"minecraft:goat_horn":32,"minecraft:acacia_wood":1,"minecraft:cooked_beef":2,"minecraft:cobbled_deepslate":1,"minecraft:water_bucket":2,"minecraft:cut_sandstone":1,"minecraft:spruce_sign":2,"minecraft:tnt":1,"minecraft:crafting_table":16,"minecraft:diamond_pickaxe":72,"minecraft:apple":12,"minecraft:iron_pickaxe":171,"minecraft:stone_axe":56,"minecraft:cobblestone":25,"minecraft:purple_bed":1,"minecraft:cooked_porkchop":12,"minecraft:bucket":3},"minecraft:dropped":{"minecraft:spruce_sign":1,"minecraft:iron_sword":2,"minecraft:brown_mushroom":4,"minecraft:porkchop":8,"minecraft:diamond":3,"minecraft:crafting_table":1,"minecraft:sandstone_stairs":2,"minecraft:crossbow":1,"minecraft:leather":4,"minecraft:saddle":4,"minecraft:dirt":1,"minecraft:cut_sandstone":12,"minecraft:netherite_boots":2,"minecraft:sand":3,"minecraft:iron_pickaxe":1,"minecraft:gold_ingot":12,"minecraft:bone":55,"minecraft:stone_axe":1,"minecraft:goat_horn":1,"minecraft:cooked_chicken":12,"minecraft:golden_chestplate":2,"minecraft:wheat":2,"minecraft:netherite_sword":1,"minecraft:smooth_sandstone_stairs":4,"minecraft:rotten_flesh":3,"minecraft:oak_planks":4,"minecraft:rabbit_hide":2,"minecraft:gunpowder":14,"minecraft:leather_leggings":1,"minecraft:arrow":3,"minecraft:beef":1,"minecraft:written_book":2,"minecraft:enchanted_book":2,"minecraft:bread":20,"minecraft:wheat_seeds":9,"minecraft:golden_horse_armor":2,"minecraft:iron_helmet":1,"minecraft:apple":2,"minecraft:granite":6,"minecraft:golden_apple":2,"minecraft:diamond_horse_armor":2,"minecraft:gray_wool":2,"minecraft:torch":9,"minecraft:melon_slice":15,"minecraft:cooked_salmon":1,"minecraft:zombie_head":2,"minecraft:diamond_helmet":1,"minecraft:iron_leggings":1,"minecraft:string":8,"minecraft:acacia_planks":9,"minecraft:spruce_sapling":10,"minecraft:player_head":4,"minecraft:stone_sword":2,"minecraft:dark_oak_sign":34,"minecraft:cocoa_beans":5,"minecraft:light_gray_wool":1,"minecraft:iron_boots":1,"minecraft:name_tag":2,"minecraft:diamond_sword":3,"minecraft:shield":1,"minecraft:diamond_chestplate":2,"minecraft:spruce_planks":1,"minecraft:iron_chestplate":4,"minecraft:diamond_pickaxe":1,"minecraft:golden_sword":1,"minecraft:spider_eye":1,"minecraft:diamond_boots":1,"minecraft:slime_ball":1,"minecraft:sandstone":95,"minecraft:bow":2,"minecraft:stone_pickaxe":1,"minecraft:dark_prismarine":2},"minecraft:crafted":{"minecraft:oak_planks":152,"minecraft:oak_sign":3,"minecraft:cooked_chicken":5,"minecraft:diamond_helmet":2,"minecraft:bow":3,"minecraft:diamond_leggings":1,"minecraft:iron_boots":1,"minecraft:chest":3,"minecraft:cooked_rabbit":3,"minecraft:cooked_porkchop":6,"minecraft:crafting_table":4,"minecraft:spruce_planks":284,"minecraft:wooden_pickaxe":1,"minecraft:iron_helmet":1,"minecraft:iron_chestplate":1,"minecraft:diamond_pickaxe":1,"minecraft:shield":7,"minecraft:stick":40,"minecraft:iron_ingot":21,"minecraft:iron_pickaxe":1,"minecraft:gold_ingot":40,"minecraft:furnace":5,"minecraft:stone_pickaxe":1,"minecraft:wheat":244,"minecraft:cooked_beef":2,"minecraft:diamond_sword":1,"minecraft:spruce_sign":3,"minecraft:iron_sword":1,"minecraft:cooked_salmon":9,"minecraft:bucket":1,"minecraft:bread":96,"minecraft:air":0,"minecraft:golden_apple":6,"minecraft:wooden_axe":2,"minecraft:iron_leggings":1,"minecraft:torch":108,"minecraft:diamond_chestplate":1},"minecraft:mined":{"minecraft:dark_oak_planks":2,"minecraft:spruce_planks":33,"minecraft:potted_cactus":1,"minecraft:brewing_stand":1,"minecraft:granite":20,"minecraft:grass_block":1,"minecraft:jungle_log":10,"minecraft:nether_wart":11,"minecraft:sandstone_stairs":1,"minecraft:spawner":15,"minecraft:iron_ore":11,"minecraft:fire":62,"minecraft:deepslate_lapis_ore":1,"minecraft:nether_brick_stairs":1,"minecraft:cave_vines":1,"minecraft:smooth_sandstone_stairs":2,"minecraft:spruce_wood":1,"minecraft:deepslate_redstone_ore":5,"minecraft:cut_sandstone":6,"minecraft:cyan_terracotta":1,"minecraft:blackstone":31,"minecraft:blast_furnace":10,"minecraft:melon":3,"minecraft:dead_bush":27,"minecraft:cobblestone":4,"minecraft:sugar_cane":5,"minecraft:oak_planks":2,"minecraft:wall_torch":2,"minecraft:wheat":38,"minecraft:light_gray_wool":1,"minecraft:tnt":2,"minecraft:potted_poppy":1,"minecraft:smooth_stone_slab":2,"minecraft:oak_log":41,"minecraft:sand":10,"minecraft:smooth_basalt":2,"minecraft:netherrack":34,"minecraft:cyan_candle":1,"minecraft:oak_leaves":3,"minecraft:deepslate":1,"minecraft:nether_gold_ore":10,"minecraft:dark_prismarine":9,"minecraft:mossy_cobblestone":1,"minecraft:deepslate_diamond_ore":6,"minecraft:polished_andesite_slab":1,"minecraft:red_mushroom":1,"minecraft:sandstone":24,"minecraft:hay_block":32,"minecraft:furnace":7,"minecraft:acacia_wood":1,"minecraft:gold_block":4,"minecraft:bookshelf":22,"minecraft:shroomlight":1,"minecraft:deepslate_iron_ore":9,"minecraft:vine":2,"minecraft:stone":35,"minecraft:scaffolding":6,"minecraft:soul_sand":15,"minecraft:crafting_table":14,"minecraft:short_grass":31,"minecraft:lectern":2,"minecraft:tall_grass":12,"minecraft:lapis_ore":1,"minecraft:deepslate_gold_ore":8,"minecraft:gray_wool":2,"minecraft:purple_bed":1,"minecraft:spruce_log":141,"minecraft:coal_ore":39,"minecraft:zombie_head":2,"minecraft:gravel":15,"minecraft:acacia_planks":9,"minecraft:stripped_acacia_wood":1,"minecraft:polished_andesite":1,"minecraft:fern":2},"minecraft:picked_up":{"minecraft:wooden_axe":1,"minecraft:iron_chestplate":9,"minecraft:wheat":46,"minecraft:diamond_sword":15,"minecraft:potion":2,"minecraft:wither_rose":3,"minecraft:enchanted_book":15,"minecraft:brewing_stand":2,"minecraft:golden_sword":2,"minecraft:string":52,"minecraft:cooked_salmon":20,"minecraft:smooth_stone_slab":5,"minecraft:iron_leggings":7,"minecraft:zombie_head":2,"minecraft:shroomlight":2,"minecraft:diamond_leggings":4,"minecraft:gold_nugget":118,"minecraft:cobbled_deepslate":3,"minecraft:spruce_planks":835,"minecraft:written_book":1,"minecraft:iron_pickaxe":7,"minecraft:melon_slice":48,"minecraft:iron_boots":7,"minecraft:furnace":14,"minecraft:stick":513,"minecraft:torch":130,"minecraft:porkchop":53,"minecraft:golden_chestplate":5,"minecraft:goat_horn":6,"minecraft:stone_sword":3,"minecraft:rotten_flesh":94,"minecraft:blaze_rod":8,"minecraft:cobblestone":62,"minecraft:pink_petals":3,"minecraft:dune_armor_trim_smithing_template":8,"minecraft:water_bucket":2,"minecraft:jungle_log":20,"minecraft:potato":39,"minecraft:flint":3,"minecraft:smooth_sandstone_stairs":4,"minecraft:wither_skeleton_skull":8,"minecraft:lapis_lazuli":80,"minecraft:dirt":6,"minecraft:cut_sandstone_slab":2,"minecraft:name_tag":8,"minecraft:bone":394,"minecraft:acacia_planks":33,"minecraft:bow":1,"minecraft:wheat_seeds":32,"minecraft:raw_gold":48,"minecraft:dark_oak_sign":34,"minecraft:diamond_helmet":3,"minecraft:rabbit":1,"minecraft:oak_planks":163,"minecraft:cooked_porkchop":28,"minecraft:stripped_acacia_wood":2,"minecraft:sand":8,"minecraft:nether_brick_stairs":2,"minecraft:dark_prismarine":12,"minecraft:diamond":36,"minecraft:crossbow":4,"minecraft:granite":29,"minecraft:bone_meal":2,"minecraft:golden_apple":19,"minecraft:bread":243,"minecraft:golden_horse_armor":4,"minecraft:emerald":2,"minecraft:oak_sapling":30,"minecraft:netherrack":36,"minecraft:diamond_pickaxe":5,"minecraft:cocoa_beans":40,"minecraft:crafting_table":26,"minecraft:chicken":2,"minecraft:nether_wart":119,"minecraft:leather_leggings":1,"minecraft:brown_mushroom":5,"minecraft:gold_block":8,"minecraft:diamond_horse_armor":3,"minecraft:shield":10,"minecraft:iron_axe":3,"minecraft:flint_and_steel":3,"minecraft:netherite_scrap":6,"minecraft:item_frame":1,"minecraft:blackstone":61,"minecraft:netherite_sword":2,"minecraft:beef":3,"minecraft:player_head":4,"minecraft:iron_nugget":22,"minecraft:light_gray_wool":3,"minecraft:lectern":6,"minecraft:sugar_cane":10,"minecraft:phantom_membrane":3,"minecraft:egg":3,"minecraft:raw_iron":67,"minecraft:sandstone":316,"minecraft:carrot":51,"minecraft:redstone":54,"minecraft:dark_oak_planks":4,"minecraft:tnt":2,"minecraft:diamond_chestplate":5,"minecraft:arrow":154,"minecraft:stone_shovel":1,"minecraft:diamond_boots":3,"minecraft:hay_block":34,"minecraft:sandstone_stairs":2,"minecraft:glistering_melon_slice":2,"minecraft:saddle":11,"minecraft:gold_ingot":170,"minecraft:netherite_boots":6,"minecraft:golden_carrot":11,"minecraft:salmon":39,"minecraft:leather":14,"minecraft:cut_sandstone":13,"minecraft:red_mushroom":2,"minecraft:acacia_wood":1,"minecraft:oak_log":87,"minecraft:gunpowder":61,"minecraft:apple":22,"minecraft:rabbit_hide":2,"minecraft:spruce_wood":3,"minecraft:iron_ingot":69,"minecraft:stone_pickaxe":4,"minecraft:cooked_chicken":23,"minecraft:soul_sand":42,"minecraft:iron_sword":2,"minecraft:book":179,"minecraft:smooth_basalt":4,"minecraft:gravel":13,"minecraft:spruce_sapling":10,"minecraft:blast_furnace":10,"minecraft:spruce_log":262,"minecraft:spider_eye":18,"minecraft:purple_bed":1,"minecraft:slime_ball":97,"minecraft:stone_axe":5,"minecraft:rib_armor_trim_smithing_template":3,"minecraft:iron_helmet":3,"minecraft:diamond_axe":6,"minecraft:gray_wool":2,"minecraft:netherite_hoe":2,"minecraft:coal":527,"minecraft:ender_pearl":1},"minecraft:killed":{"minecraft:skeleton":20,"minecraft:chicken":1,"minecraft:pig":3,"minecraft:salmon":25,"minecraft:creeper":1,"minecraft:pillager":4,"minecraft:zombie":45,"minecraft:blaze":13,"minecraft:cow":2,"minecraft:armadillo":2,"minecraft:slime":16,"minecraft:phantom":2,"minecraft:rabbit":1,"minecraft:hoglin":5,"minecraft:wither_skeleton":29,"minecraft:enderman":1},"minecraft:custom":{"minecraft:interact_with_crafting_table":72,"minecraft:open_barrel":5,"minecraft:leave_game":6,"minecraft:time_since_death":36429,"minecraft:sprint_one_cm":764712,"minecraft:damage_blocked_by_shield":12608,"minecraft:drop":145,"minecraft:talked_to_villager":7,"minecraft:play_time":315033,"minecraft:deaths":31,"minecraft:jump":6904,"minecraft:walk_on_water_one_cm":87364,"minecraft:interact_with_furnace":62,"minecraft:sleep_in_bed":4,"minecraft:damage_dealt":32958,"minecraft:crouch_one_cm":90202,"minecraft:inspect_dispenser":2,"minecraft:horse_one_cm":438961,"minecraft:mob_kills":172,"minecraft:climb_one_cm":6337,"minecraft:walk_one_cm":589901,"minecraft:sneak_time":30546,"minecraft:walk_under_water_one_cm":53636,"minecraft:boat_one_cm":569552,"minecraft:interact_with_blast_furnace":8,"minecraft:total_world_time":315033,"minecraft:tune_noteblock":1,"minecraft:time_since_rest":36457,"minecraft:damage_taken":17003,"minecraft:damage_absorbed":280,"minecraft:trigger_trapped_chest":1,"minecraft:swim_one_cm":154848,"minecraft:fly_one_cm":1084813,"minecraft:open_chest":113,"minecraft:fall_one_cm":212001}},"DataVersion":3955}