{"stats":{"minecraft:killed_by":{"minecraft:wither_skeleton":1,"minecraft:creeper":1,"minecraft:skeleton":3,"minecraft:zombie":5},"minecraft:used":{"minecraft:spruce_planks":122,"minecraft:chest":1,"minecraft:shield":102,"minecraft:cooked_salmon":14,"minecraft:cooked_chicken":5,"minecraft:rotten_flesh":22,"minecraft:torch":48,"minecraft:carrot":6,"minecraft:granite":10,"minecraft:wooden_axe":60,"minecraft:iron_axe":3,"minecraft:smooth_basalt":2,"minecraft:bow":19,"minecraft:written_book":3,"minecraft:goat_horn":10,"minecraft:furnace":9,"minecraft:acacia_wood":1,"minecraft:egg":2,"minecraft:cooked_beef":2,"minecraft:cobbled_deepslate":1,"minecraft:water_bucket":1,"minecraft:stone_pickaxe":78,"minecraft:oak_planks":10,"minecraft:blackstone":9,"minecraft:wooden_pickaxe":4,"minecraft:sandstone":29,"minecraft:cut_sandstone":1,"minecraft:diamond_axe":153,"minecraft:golden_apple":3,"minecraft:golden_hoe":26,"minecraft:sand":16,"minecraft:tnt":1,"minecraft:crafting_table":13,"minecraft:apple":1,"minecraft:bread":19,"minecraft:iron_pickaxe":159,"minecraft:gravel":13,"minecraft:stone_axe":56,"minecraft:diamond_sword":258,"minecraft:cobblestone":25,"minecraft:bucket":2,"minecraft:cooked_rabbit":3,"minecraft:experience_bottle":7},"minecraft:broken":{"minecraft:golden_hoe":1,"minecraft:shield":2,"minecraft:wooden_axe":1},"minecraft:dropped":{"minecraft:enchanted_book":2,"minecraft:bread":19,"minecraft:brown_mushroom":4,"minecraft:wheat_seeds":4,"minecraft:diamond":3,"minecraft:crafting_table":1,"minecraft:golden_horse_armor":1,"minecraft:sandstone_stairs":2,"minecraft:granite":6,"minecraft:saddle":1,"minecraft:dirt":1,"minecraft:torch":8,"minecraft:cut_sandstone":12,"minecraft:cooked_salmon":1,"minecraft:zombie_head":2,"minecraft:sand":3,"minecraft:string":8,"minecraft:spruce_sapling":10,"minecraft:gold_ingot":4,"minecraft:bone":44,"minecraft:goat_horn":1,"minecraft:cooked_chicken":12,"minecraft:cocoa_beans":5,"minecraft:smooth_sandstone_stairs":2,"minecraft:wheat":1,"minecraft:oak_planks":4,"minecraft:name_tag":2,"minecraft:rabbit_hide":2,"minecraft:shield":1,"minecraft:gunpowder":14,"minecraft:spruce_planks":1,"minecraft:iron_chestplate":1,"minecraft:spider_eye":1,"minecraft:sandstone":95,"minecraft:bow":1,"minecraft:stone_pickaxe":1,"minecraft:written_book":2},"minecraft:crafted":{"minecraft:oak_planks":116,"minecraft:cooked_chicken":5,"minecraft:furnace":5,"minecraft:bow":3,"minecraft:iron_boots":1,"minecraft:stone_pickaxe":1,"minecraft:chest":1,"minecraft:cooked_rabbit":3,"minecraft:wheat":244,"minecraft:cooked_beef":2,"minecraft:diamond_sword":1,"minecraft:crafting_table":2,"minecraft:spruce_planks":280,"minecraft:wooden_pickaxe":1,"minecraft:iron_helmet":1,"minecraft:cooked_salmon":9,"minecraft:bucket":1,"minecraft:bread":84,"minecraft:air":0,"minecraft:iron_chestplate":1,"minecraft:golden_apple":5,"minecraft:shield":4,"minecraft:stick":12,"minecraft:iron_ingot":21,"minecraft:iron_pickaxe":1,"minecraft:wooden_axe":2,"minecraft:gold_ingot":36,"minecraft:iron_leggings":1,"minecraft:torch":80},"minecraft:mined":{"minecraft:spruce_planks":1,"minecraft:mossy_cobblestone":1,"minecraft:deepslate_diamond_ore":6,"minecraft:potted_cactus":1,"minecraft:brewing_stand":1,"minecraft:granite":20,"minecraft:jungle_log":10,"minecraft:polished_andesite_slab":1,"minecraft:sandstone":24,"minecraft:spawner":10,"minecraft:sandstone_stairs":1,"minecraft:hay_block":29,"minecraft:furnace":7,"minecraft:iron_ore":11,"minecraft:fire":60,"minecraft:acacia_wood":1,"minecraft:deepslate_lapis_ore":1,"minecraft:gold_block":4,"minecraft:bookshelf":4,"minecraft:cave_vines":1,"minecraft:vine":2,"minecraft:deepslate_iron_ore":9,"minecraft:smooth_sandstone_stairs":2,"minecraft:stone":33,"minecraft:deepslate_redstone_ore":5,"minecraft:cut_sandstone":6,"minecraft:scaffolding":6,"minecraft:cyan_terracotta":1,"minecraft:blackstone":31,"minecraft:crafting_table":12,"minecraft:short_grass":30,"minecraft:dead_bush":27,"minecraft:lectern":1,"minecraft:cobblestone":4,"minecraft:tall_grass":7,"minecraft:deepslate_gold_ore":8,"minecraft:lapis_ore":1,"minecraft:sugar_cane":2,"minecraft:oak_planks":2,"minecraft:wall_torch":1,"minecraft:spruce_log":141,"minecraft:tnt":2,"minecraft:potted_poppy":1,"minecraft:smooth_stone_slab":2,"minecraft:oak_log":32,"minecraft:coal_ore":39,"minecraft:zombie_head":2,"minecraft:gravel":15,"minecraft:sand":10,"minecraft:smooth_basalt":2,"minecraft:polished_andesite":1,"minecraft:oak_leaves":2,"minecraft:deepslate":1,"minecraft:fern":2},"minecraft:picked_up":{"minecraft:wooden_axe":1,"minecraft:iron_chestplate":5,"minecraft:cocoa_beans":40,"minecraft:crafting_table":23,"minecraft:wheat":9,"minecraft:chicken":2,"minecraft:brown_mushroom":5,"minecraft:diamond_sword":4,"minecraft:gold_block":8,"minecraft:enchanted_book":9,"minecraft:brewing_stand":1,"minecraft:shield":5,"minecraft:string":52,"minecraft:iron_axe":3,"minecraft:cooked_salmon":20,"minecraft:smooth_stone_slab":5,"minecraft:iron_leggings":3,"minecraft:zombie_head":2,"minecraft:blackstone":61,"minecraft:gold_nugget":34,"minecraft:cobbled_deepslate":3,"minecraft:spruce_planks":55,"minecraft:beef":2,"minecraft:written_book":1,"minecraft:iron_nugget":22,"minecraft:iron_pickaxe":5,"minecraft:lectern":2,"minecraft:sugar_cane":4,"minecraft:iron_boots":4,"minecraft:egg":3,"minecraft:furnace":12,"minecraft:stick":342,"minecraft:raw_iron":67,"minecraft:sandstone":316,"minecraft:torch":50,"minecraft:porkchop":10,"minecraft:carrot":6,"minecraft:redstone":54,"minecraft:goat_horn":1,"minecraft:tnt":2,"minecraft:arrow":68,"minecraft:rotten_flesh":63,"minecraft:hay_block":31,"minecraft:sandstone_stairs":2,"minecraft:saddle":3,"minecraft:gold_ingot":22,"minecraft:cobblestone":60,"minecraft:dune_armor_trim_smithing_template":6,"minecraft:water_bucket":1,"minecraft:jungle_log":20,"minecraft:salmon":9,"minecraft:cut_sandstone":13,"minecraft:potato":9,"minecraft:acacia_wood":1,"minecraft:flint":3,"minecraft:smooth_sandstone_stairs":2,"minecraft:oak_log":78,"minecraft:gunpowder":61,"minecraft:lapis_lazuli":80,"minecraft:dirt":3,"minecraft:name_tag":8,"minecraft:bone":178,"minecraft:apple":10,"minecraft:wheat_seeds":27,"minecraft:raw_gold":48,"minecraft:rabbit_hide":2,"minecraft:cooked_chicken":23,"minecraft:iron_ingot":22,"minecraft:stone_pickaxe":4,"minecraft:rabbit":1,"minecraft:oak_planks":163,"minecraft:book":24,"minecraft:smooth_basalt":4,"minecraft:gravel":13,"minecraft:sand":8,"minecraft:spruce_sapling":10,"minecraft:spruce_log":198,"minecraft:spider_eye":8,"minecraft:diamond":19,"minecraft:stone_axe":4,"minecraft:granite":29,"minecraft:bone_meal":2,"minecraft:golden_apple":10,"minecraft:golden_horse_armor":3,"minecraft:emerald":2,"minecraft:bread":64,"minecraft:oak_sapling":30,"minecraft:coal":311},"minecraft:killed":{"minecraft:armadillo":2,"minecraft:phantom":1,"minecraft:skeleton":14,"minecraft:chicken":1,"minecraft:pig":3,"minecraft:salmon":11,"minecraft:rabbit":1,"minecraft:creeper":1,"minecraft:pillager":4,"minecraft:zombie":44,"minecraft:enderman":1,"minecraft:cow":2},"minecraft:custom":{"minecraft:mob_kills":86,"minecraft:interact_with_crafting_table":39,"minecraft:open_barrel":1,"minecraft:leave_game":3,"minecraft:time_since_death":841,"minecraft:climb_one_cm":3263,"minecraft:sprint_one_cm":360922,"minecraft:walk_one_cm":303499,"minecraft:damage_blocked_by_shield":7193,"minecraft:drop":75,"minecraft:play_time":141384,"minecraft:deaths":10,"minecraft:sneak_time":16648,"minecraft:walk_under_water_one_cm":16264,"minecraft:boat_one_cm":147701,"minecraft:jump":3167,"minecraft:walk_on_water_one_cm":21499,"minecraft:total_world_time":141384,"minecraft:interact_with_furnace":57,"minecraft:tune_noteblock":1,"minecraft:sleep_in_bed":3,"minecraft:time_since_rest":890,"minecraft:damage_taken":5992,"minecraft:damage_absorbed":120,"minecraft:trigger_trapped_chest":1,"minecraft:damage_dealt":13743,"minecraft:fly_one_cm":476429,"minecraft:swim_one_cm":67058,"minecraft:open_chest":58,"minecraft:crouch_one_cm":44080,"minecraft:fall_one_cm":101150,"minecraft:inspect_dispenser":2}},"DataVersion":3955}