{"stats":{"minecraft:used":{"minecraft:stone_sword":97,"minecraft:stone_shovel":138,"minecraft:bread":4,"minecraft:stone_pickaxe":3,"minecraft:wooden_pickaxe":29,"minecraft:stone_axe":133,"minecraft:dirt":61,"minecraft:crafting_table":3,"minecraft:acacia_fence":29,"minecraft:acacia_planks":115},"minecraft:crafted":{"minecraft:oak_planks":12,"minecraft:stone_shovel":1,"minecraft:crafting_table":1,"minecraft:stick":136,"minecraft:wooden_pickaxe":1,"minecraft:stone_pickaxe":1,"minecraft:stone_sword":1,"minecraft:furnace":1,"minecraft:acacia_fence":36,"minecraft:acacia_planks":236,"minecraft:stone_axe":1,"minecraft:bread":21,"minecraft:wheat":189},"minecraft:picked_up":{"minecraft:coarse_dirt":5,"minecraft:stick":15,"minecraft:crafting_table":2,"minecraft:acacia_fence":3,"minecraft:acacia_log":59,"minecraft:dripstone_block":2,"minecraft:oak_log":3,"minecraft:string":1,"minecraft:dirt":90,"minecraft:acacia_planks":6,"minecraft:wheat_seeds":54,"minecraft:hay_block":21,"minecraft:beef":3,"minecraft:azalea":1,"minecraft:oak_sapling":2,"minecraft:acacia_sapling":19,"minecraft:cobblestone":29},"minecraft:mined":{"minecraft:hay_block":21,"minecraft:coarse_dirt":5,"minecraft:acacia_leaves":4,"minecraft:crafting_table":2,"minecraft:short_grass":404,"minecraft:acacia_log":62,"minecraft:grass_block":82,"minecraft:oak_log":3,"minecraft:dirt_path":6,"minecraft:acacia_fence":3,"minecraft:dripstone_block":3,"minecraft:dirt":2,"minecraft:cobweb":1,"minecraft:tall_grass":32,"minecraft:acacia_planks":7,"minecraft:azalea":2,"minecraft:stone":29,"minecraft:oak_leaves":10,"minecraft:fern":2},"minecraft:killed":{"minecraft:cow":1},"minecraft:custom":{"minecraft:time_since_rest":9901,"minecraft:sprint_one_cm":57659,"minecraft:damage_taken":70,"minecraft:walk_one_cm":140553,"minecraft:mob_kills":1,"minecraft:animals_bred":1,"minecraft:damage_dealt":100,"minecraft:swim_one_cm":1862,"minecraft:interact_with_crafting_table":11,"minecraft:fly_one_cm":59622,"minecraft:open_chest":2,"minecraft:crouch_one_cm":185,"minecraft:play_time":28631,"minecraft:sneak_time":128,"minecraft:walk_under_water_one_cm":537,"minecraft:jump":325,"minecraft:time_since_death":28631,"minecraft:walk_on_water_one_cm":93,"minecraft:sleep_in_bed":1,"minecraft:total_world_time":28631,"minecraft:fall_one_cm":8458}},"DataVersion":3955}