{"stats":{"minecraft:killed_by":{"minecraft:skeleton":2,"minecraft:zombie":1},"minecraft:broken":{"minecraft:stone_axe":1,"minecraft:stone_shovel":1},"minecraft:used":{"minecraft:acacia_boat":9,"minecraft:stone_sword":158,"minecraft:stone_shovel":228,"minecraft:stone_pickaxe":120,"minecraft:shield":24,"minecraft:chest":3,"minecraft:wooden_pickaxe":29,"minecraft:sandstone":28,"minecraft:iron_chestplate":1,"minecraft:torch":66,"minecraft:dirt":77,"minecraft:crafting_table":6,"minecraft:white_bed":2,"minecraft:bread":41,"minecraft:iron_pickaxe":147,"minecraft:smooth_basalt":1,"minecraft:acacia_fence_gate":4,"minecraft:stone_axe":293,"minecraft:cobblestone":1,"minecraft:furnace":4,"minecraft:bucket":1,"minecraft:andesite":2,"minecraft:acacia_fence":29,"minecraft:yellow_bed":5,"minecraft:egg":1,"minecraft:cobbled_deepslate":2,"minecraft:acacia_planks":154},"minecraft:dropped":{"minecraft:written_book":1},"minecraft:crafted":{"minecraft:cooked_beef":3,"minecraft:oak_planks":12,"minecraft:stone_shovel":2,"minecraft:crafting_table":2,"minecraft:spruce_planks":192,"minecraft:wooden_pickaxe":1,"minecraft:furnace":2,"minecraft:acacia_fence_gate":2,"minecraft:bucket":1,"minecraft:stone_axe":2,"minecraft:acacia_boat":1,"minecraft:bread":50,"minecraft:air":0,"minecraft:iron_chestplate":1,"minecraft:charcoal":9,"minecraft:shield":1,"minecraft:stick":136,"minecraft:iron_ingot":13,"minecraft:iron_pickaxe":1,"minecraft:stone_pickaxe":1,"minecraft:stone_sword":1,"minecraft:chest":3,"minecraft:acacia_fence":36,"minecraft:acacia_planks":320,"minecraft:torch":116,"minecraft:wheat":189},"minecraft:picked_up":{"minecraft:crafting_table":5,"minecraft:coarse_dirt":5,"minecraft:glow_ink_sac":6,"minecraft:andesite":84,"minecraft:smooth_sandstone_stairs":2,"minecraft:oak_log":3,"minecraft:yellow_bed":5,"minecraft:shield":3,"minecraft:acacia_boat":9,"minecraft:dirt":106,"minecraft:string":7,"minecraft:iron_leggings":1,"minecraft:blackstone":4,"minecraft:bone":48,"minecraft:acacia_planks":72,"minecraft:wheat_seeds":58,"minecraft:cobbled_deepslate":6,"minecraft:raw_gold":21,"minecraft:stone_pickaxe":3,"minecraft:iron_ingot":22,"minecraft:acacia_fence_gate":2,"minecraft:beef":3,"minecraft:written_book":1,"minecraft:azalea":1,"minecraft:iron_pickaxe":2,"minecraft:oak_planks":1,"minecraft:acacia_sapling":31,"minecraft:iron_boots":1,"minecraft:egg":6,"minecraft:furnace":2,"minecraft:stick":150,"minecraft:raw_iron":199,"minecraft:sandstone":43,"minecraft:smooth_basalt":2,"minecraft:acacia_fence":33,"minecraft:torch":130,"minecraft:acacia_log":89,"minecraft:dripstone_block":2,"minecraft:gravel":2,"minecraft:sand":5,"minecraft:spruce_sapling":29,"minecraft:white_bed":2,"minecraft:spruce_log":112,"minecraft:redstone":18,"minecraft:stone_sword":3,"minecraft:stone_shovel":3,"minecraft:arrow":12,"minecraft:rotten_flesh":27,"minecraft:stone_axe":3,"minecraft:iron_helmet":1,"minecraft:hay_block":21,"minecraft:granite":10,"minecraft:bread":67,"minecraft:oak_sapling":2,"minecraft:coal":152,"minecraft:cobblestone":208},"minecraft:mined":{"minecraft:deepslate_redstone_ore":4,"minecraft:acacia_leaves":4,"minecraft:white_bed":2,"minecraft:blackstone":4,"minecraft:crafting_table":4,"minecraft:granite":2,"minecraft:short_grass":442,"minecraft:acacia_log":92,"minecraft:grass_block":88,"minecraft:dead_bush":2,"minecraft:tall_grass":33,"minecraft:cobblestone":1,"minecraft:hay_block":21,"minecraft:coarse_dirt":5,"minecraft:furnace":2,"minecraft:acacia_fence_gate":2,"minecraft:iron_ore":62,"minecraft:spruce_log":110,"minecraft:andesite":32,"minecraft:yellow_bed":5,"minecraft:deepslate_iron_ore":29,"minecraft:coal_ore":53,"minecraft:oak_log":3,"minecraft:dirt_path":6,"minecraft:acacia_fence":3,"minecraft:dripstone_block":3,"minecraft:dirt":14,"minecraft:cobweb":6,"minecraft:azalea":2,"minecraft:acacia_planks":14,"minecraft:stone":87,"minecraft:gold_ore":7,"minecraft:oak_leaves":10,"minecraft:deepslate":1,"minecraft:fern":2},"minecraft:killed":{"minecraft:skeleton":1,"minecraft:zombie":6,"minecraft:glow_squid":1,"minecraft:cow":1},"minecraft:custom":{"minecraft:interact_with_smithing_table":1,"minecraft:interact_with_furnace":13,"minecraft:mob_kills":10,"minecraft:animals_bred":3,"minecraft:interact_with_crafting_table":28,"minecraft:bell_ring":4,"minecraft:time_since_death":25098,"minecraft:sleep_in_bed":2,"minecraft:climb_one_cm":1544,"minecraft:time_since_rest":25141,"minecraft:sprint_one_cm":226247,"minecraft:damage_taken":2420,"minecraft:walk_one_cm":399702,"minecraft:damage_blocked_by_shield":1565,"minecraft:drop":1,"minecraft:damage_dealt":2205,"minecraft:talked_to_villager":2,"minecraft:swim_one_cm":1862,"minecraft:fly_one_cm":240296,"minecraft:open_chest":15,"minecraft:crouch_one_cm":3227,"minecraft:play_time":106631,"minecraft:deaths":3,"minecraft:sneak_time":1331,"minecraft:walk_under_water_one_cm":8090,"minecraft:boat_one_cm":13990,"minecraft:jump":1790,"minecraft:walk_on_water_one_cm":10469,"minecraft:total_world_time":106631,"minecraft:fall_one_cm":41577}},"DataVersion":3955}