{"stats":{"minecraft:used":{"minecraft:bread":2,"minecraft:wooden_pickaxe":29,"minecraft:stone_axe":70,"minecraft:crafting_table":2,"minecraft:acacia_fence":29},"minecraft:crafted":{"minecraft:oak_planks":12,"minecraft:crafting_table":1,"minecraft:stick":136,"minecraft:wooden_pickaxe":1,"minecraft:stone_pickaxe":1,"minecraft:stone_sword":1,"minecraft:furnace":1,"minecraft:acacia_fence":36,"minecraft:acacia_planks":116,"minecraft:stone_axe":1,"minecraft:bread":21,"minecraft:wheat":189},"minecraft:picked_up":{"minecraft:stick":8,"minecraft:crafting_table":2,"minecraft:acacia_fence":3,"minecraft:acacia_log":29,"minecraft:oak_log":3,"minecraft:dirt":1,"minecraft:wheat_seeds":11,"minecraft:hay_block":21,"minecraft:beef":3,"minecraft:azalea":1,"minecraft:oak_sapling":2,"minecraft:acacia_sapling":8,"minecraft:cobblestone":29},"minecraft:mined":{"minecraft:hay_block":21,"minecraft:acacia_leaves":4,"minecraft:crafting_table":2,"minecraft:short_grass":66,"minecraft:acacia_log":29,"minecraft:oak_log":3,"minecraft:acacia_fence":3,"minecraft:dirt":1,"minecraft:tall_grass":14,"minecraft:azalea":2,"minecraft:stone":29,"minecraft:oak_leaves":10,"minecraft:fern":2},"minecraft:killed":{"minecraft:cow":1},"minecraft:custom":{"minecraft:time_since_rest":16631,"minecraft:sprint_one_cm":21050,"minecraft:damage_taken":70,"minecraft:walk_one_cm":60271,"minecraft:mob_kills":1,"minecraft:animals_bred":1,"minecraft:damage_dealt":100,"minecraft:swim_one_cm":1862,"minecraft:interact_with_crafting_table":8,"minecraft:fly_one_cm":32800,"minecraft:crouch_one_cm":12,"minecraft:play_time":16631,"minecraft:sneak_time":5,"minecraft:walk_under_water_one_cm":537,"minecraft:jump":215,"minecraft:time_since_death":16631,"minecraft:walk_on_water_one_cm":93,"minecraft:total_world_time":16631,"minecraft:fall_one_cm":6726}},"DataVersion":3955}