{"stats":{"minecraft:crafted":{"minecraft:cherry_planks":268,"minecraft:oak_planks":12,"minecraft:stone_shovel":2,"minecraft:furnace":2,"minecraft:acacia_fence_gate":2,"minecraft:iron_boots":2,"minecraft:iron_axe":1,"minecraft:ladder":12,"minecraft:stone_pickaxe":1,"minecraft:chest":5,"minecraft:acacia_fence":36,"minecraft:wheat":189,"minecraft:cooked_beef":3,"minecraft:cooked_porkchop":23,"minecraft:crafting_table":3,"minecraft:spruce_planks":192,"minecraft:wooden_pickaxe":1,"minecraft:iron_helmet":1,"minecraft:bucket":1,"minecraft:stone_axe":2,"minecraft:air":0,"minecraft:acacia_boat":1,"minecraft:bread":61,"minecraft:iron_chestplate":1,"minecraft:charcoal":9,"minecraft:shield":1,"minecraft:stick":260,"minecraft:iron_ingot":90,"minecraft:iron_pickaxe":3,"minecraft:wooden_axe":1,"minecraft:stone_sword":1,"minecraft:iron_shovel":1,"minecraft:iron_leggings":1,"minecraft:acacia_planks":336,"minecraft:torch":144},"minecraft:dropped":{"minecraft:enchanted_book":1,"minecraft:soul_sand":19,"minecraft:wheat_seeds":11,"minecraft:cobblestone":2,"minecraft:iron_helmet":1,"minecraft:saddle":1,"minecraft:golden_apple":2,"minecraft:stick":4,"minecraft:emerald":8,"minecraft:music_disc_13":1,"minecraft:dirt":76,"minecraft:melon_slice":50,"minecraft:cherry_planks":35,"minecraft:netherite_boots":1,"minecraft:iron_leggings":1,"minecraft:iron_pickaxe":1,"minecraft:pink_petals":20,"minecraft:music_disc_cat":1,"minecraft:redstone":18,"minecraft:stone_axe":1,"minecraft:golden_chestplate":1,"minecraft:stone_sword":1,"minecraft:netherite_sword":1,"minecraft:iron_boots":2,"minecraft:diamond_sword":1,"minecraft:potato":16,"minecraft:iron_chestplate":1,"minecraft:golden_sword":1,"minecraft:written_book":1,"minecraft:arrow":4,"minecraft:raw_gold":7},"minecraft:custom":{"minecraft:interact_with_smithing_table":1,"minecraft:mob_kills":37,"minecraft:animals_bred":3,"minecraft:interact_with_crafting_table":42,"minecraft:bell_ring":4,"minecraft:leave_game":4,"minecraft:time_since_death":2143,"minecraft:climb_one_cm":10756,"minecraft:sprint_one_cm":673850,"minecraft:walk_one_cm":1007838,"minecraft:damage_blocked_by_shield":1760,"minecraft:drop":55,"minecraft:talked_to_villager":3,"minecraft:play_time":313443,"minecraft:sneak_time":7306,"minecraft:deaths":37,"minecraft:walk_under_water_one_cm":62239,"minecraft:boat_one_cm":361934,"minecraft:jump":5312,"minecraft:walk_on_water_one_cm":68109,"minecraft:total_world_time":313443,"minecraft:interact_with_furnace":34,"minecraft:sleep_in_bed":9,"minecraft:time_since_rest":2168,"minecraft:damage_taken":14693,"minecraft:damage_absorbed":40,"minecraft:damage_dealt":8132,"minecraft:swim_one_cm":103352,"minecraft:player_kills":1,"minecraft:fly_one_cm":772250,"minecraft:open_chest":83,"minecraft:crouch_one_cm":21279,"minecraft:interact_with_smoker":1,"minecraft:fall_one_cm":133665,"minecraft:horse_one_cm":129432},"minecraft:killed":{"minecraft:slime":16,"minecraft:phantom":1,"minecraft:skeleton":2,"minecraft:magma_cube":1,"minecraft:hoglin":2,"minecraft:creeper":1,"minecraft:zombie":7,"minecraft:glow_squid":1,"minecraft:wither_skeleton":3,"minecraft:cow":1},"minecraft:used":{"minecraft:stone_sword":217,"minecraft:iron_shovel":341,"minecraft:flint_and_steel":4,"minecraft:stone_shovel":228,"minecraft:ladder":5,"minecraft:chest":8,"minecraft:shield":25,"minecraft:spruce_planks":37,"minecraft:iron_sword":204,"minecraft:rotten_flesh":2,"minecraft:iron_chestplate":11,"minecraft:orange_bed":1,"minecraft:torch":76,"minecraft:soul_sand":2,"minecraft:dirt":360,"minecraft:golden_chestplate":1,"minecraft:wooden_axe":65,"minecraft:dark_oak_planks":1,"minecraft:iron_axe":26,"minecraft:iron_helmet":4,"minecraft:iron_boots":2,"minecraft:smooth_basalt":1,"minecraft:netherite_boots":1,"minecraft:golden_sword":2,"minecraft:golden_carrot":1,"minecraft:furnace":4,"minecraft:acacia_fence":29,"minecraft:egg":3,"minecraft:cooked_beef":2,"minecraft:acacia_planks":178,"minecraft:cobbled_deepslate":2,"minecraft:iron_leggings":5,"minecraft:diamond_boots":1,"minecraft:acacia_boat":9,"minecraft:water_bucket":3,"minecraft:stone_pickaxe":120,"minecraft:oak_planks":1,"minecraft:cherry_planks":6,"minecraft:wooden_pickaxe":29,"minecraft:sandstone":28,"minecraft:diamond_axe":4,"minecraft:golden_apple":1,"minecraft:crafting_table":9,"minecraft:white_bed":2,"minecraft:black_bed":2,"minecraft:spruce_log":16,"minecraft:apple":2,"minecraft:bread":62,"minecraft:cyan_bed":2,"minecraft:melon_slice":1,"minecraft:iron_pickaxe":363,"minecraft:acacia_fence_gate":4,"minecraft:stone_axe":298,"minecraft:diamond_sword":21,"minecraft:cobblestone":1,"minecraft:cooked_porkchop":18,"minecraft:bucket":2,"minecraft:andesite":2,"minecraft:yellow_bed":8},"minecraft:killed_by":{"minecraft:player":3,"minecraft:wither_skeleton":15,"minecraft:creeper":1,"minecraft:hoglin":2,"minecraft:skeleton":5,"minecraft:phantom":8,"minecraft:zombie":1},"minecraft:mined":{"minecraft:dark_oak_planks":1,"minecraft:cut_sandstone_slab":2,"minecraft:spruce_planks":6,"minecraft:white_bed":2,"minecraft:mossy_cobblestone":20,"minecraft:cherry_log":67,"minecraft:ladder":1,"minecraft:nether_bricks":1,"minecraft:granite":2,"minecraft:acacia_log":92,"minecraft:grass_block":331,"minecraft:large_fern":1,"minecraft:hay_block":22,"minecraft:furnace":2,"minecraft:iron_ore":88,"minecraft:fire":2,"minecraft:acacia_wood":1,"minecraft:andesite":32,"minecraft:dirt_path":6,"minecraft:deepslate_iron_ore":29,"minecraft:azalea_leaves":1,"minecraft:azalea":2,"minecraft:stone":170,"minecraft:white_tulip":1,"minecraft:orange_bed":1,"minecraft:deepslate_redstone_ore":4,"minecraft:acacia_leaves":4,"minecraft:cherry_planks":6,"minecraft:soul_sand":10,"minecraft:blackstone":4,"minecraft:red_banner":1,"minecraft:clay":2,"minecraft:crafting_table":6,"minecraft:torch":2,"minecraft:short_grass":521,"minecraft:emerald_ore":2,"minecraft:melon":10,"minecraft:chest":3,"minecraft:dead_bush":2,"minecraft:tall_grass":35,"minecraft:cobblestone":1,"minecraft:cyan_bed":2,"minecraft:wall_torch":2,"minecraft:pink_petals":86,"minecraft:coarse_dirt":5,"minecraft:acacia_fence_gate":2,"minecraft:sweet_berry_bush":3,"minecraft:spruce_log":110,"minecraft:black_bed":2,"minecraft:yellow_bed":8,"minecraft:oak_log":3,"minecraft:coal_ore":119,"minecraft:acacia_fence":3,"minecraft:cherry_leaves":1,"minecraft:dripstone_block":3,"minecraft:dirt":56,"minecraft:cobweb":6,"minecraft:acacia_planks":20,"minecraft:stripped_acacia_wood":1,"minecraft:gold_ore":7,"minecraft:oak_leaves":11,"minecraft:deepslate":1,"minecraft:fern":2},"minecraft:broken":{"minecraft:iron_shovel":1,"minecraft:stone_axe":1,"minecraft:wooden_axe":1,"minecraft:stone_shovel":1},"minecraft:picked_up":{"minecraft:iron_chestplate":27,"minecraft:crafting_table":7,"minecraft:coarse_dirt":5,"minecraft:ladder":25,"minecraft:clay_ball":16,"minecraft:leather_leggings":3,"minecraft:diamond_sword":4,"minecraft:enchanted_book":13,"minecraft:diamond_horse_armor":8,"minecraft:golden_sword":8,"minecraft:shield":10,"minecraft:music_disc_cat":2,"minecraft:iron_axe":3,"minecraft:string":15,"minecraft:netherite_scrap":6,"minecraft:flint_and_steel":2,"minecraft:iron_leggings":12,"minecraft:blackstone":4,"minecraft:shroomlight":1,"minecraft:cobbled_deepslate":6,"minecraft:netherite_sword":5,"minecraft:spruce_planks":543,"minecraft:beef":7,"minecraft:acacia_fence_gate":2,"minecraft:white_tulip":5,"minecraft:oak_boat":1,"minecraft:player_head":12,"minecraft:written_book":1,"minecraft:azalea":1,"minecraft:iron_pickaxe":19,"minecraft:light_gray_wool":4,"minecraft:lectern":6,"minecraft:melon_slice":151,"minecraft:chest":3,"minecraft:egg":9,"minecraft:phantom_membrane":18,"minecraft:furnace":2,"minecraft:iron_boots":14,"minecraft:stick":627,"minecraft:raw_iron":278,"minecraft:sandstone":58,"minecraft:acacia_fence":33,"minecraft:torch":383,"minecraft:acacia_log":89,"minecraft:porkchop":111,"minecraft:cherry_log":67,"minecraft:carrot":15,"minecraft:redstone":54,"minecraft:golden_chestplate":14,"minecraft:goat_horn":4,"minecraft:dark_oak_planks":3,"minecraft:orange_bed":1,"minecraft:stone_shovel":10,"minecraft:stone_sword":20,"minecraft:arrow":56,"minecraft:diamond_chestplate":2,"minecraft:rotten_flesh":48,"minecraft:peony":5,"minecraft:diamond_boots":3,"minecraft:hay_block":21,"minecraft:gold_ingot":178,"minecraft:saddle":11,"minecraft:cobblestone":536,"minecraft:pink_petals":545,"minecraft:netherite_boots":6,"minecraft:cooked_beef":3,"minecraft:cherry_planks":38,"minecraft:golden_carrot":6,"minecraft:glow_ink_sac":8,"minecraft:water_bucket":4,"minecraft:andesite":84,"minecraft:black_bed":2,"minecraft:leather":14,"minecraft:acacia_wood":4,"minecraft:potato":52,"minecraft:smooth_sandstone_stairs":20,"minecraft:oak_log":3,"minecraft:yellow_bed":8,"minecraft:wither_skeleton_skull":6,"minecraft:gunpowder":2,"minecraft:acacia_boat":9,"minecraft:cut_sandstone_slab":2,"minecraft:dirt":504,"minecraft:bone":377,"minecraft:acacia_planks":96,"minecraft:apple":10,"minecraft:bow":5,"minecraft:wheat_seeds":108,"minecraft:raw_gold":35,"minecraft:stone_pickaxe":3,"minecraft:iron_ingot":213,"minecraft:bamboo":28,"minecraft:oak_planks":2,"minecraft:iron_sword":9,"minecraft:acacia_sapling":31,"minecraft:soul_sand":135,"minecraft:book":127,"minecraft:smooth_basalt":2,"minecraft:cooked_porkchop":39,"minecraft:music_disc_13":2,"minecraft:sweet_berries":9,"minecraft:stripped_acacia_wood":2,"minecraft:gravel":2,"minecraft:dripstone_block":2,"minecraft:sand":10,"minecraft:spruce_sapling":58,"minecraft:red_banner":2,"minecraft:white_bed":2,"minecraft:spruce_log":240,"minecraft:cyan_bed":2,"minecraft:mossy_cobblestone":100,"minecraft:dark_prismarine":7,"minecraft:diamond":48,"minecraft:slime_ball":25,"minecraft:spruce_boat":1,"minecraft:stone_axe":5,"minecraft:diamond_axe":2,"minecraft:granite":15,"minecraft:iron_helmet":12,"minecraft:crossbow":4,"minecraft:cherry_sapling":65,"minecraft:golden_apple":13,"minecraft:emerald":26,"minecraft:golden_horse_armor":3,"minecraft:bread":67,"minecraft:oak_sapling":2,"minecraft:coal":574,"minecraft:ender_pearl":6}},"DataVersion":3955}