{"stats":{"minecraft:used":{"minecraft:wooden_pickaxe":21},"minecraft:crafted":{"minecraft:oak_planks":12,"minecraft:crafting_table":1,"minecraft:wooden_pickaxe":1},"minecraft:mined":{"minecraft:oak_log":3,"minecraft:acacia_leaves":4,"minecraft:dirt":1,"minecraft:stone":21,"minecraft:oak_leaves":9},"minecraft:picked_up":{"minecraft:stick":2,"minecraft:oak_log":3,"minecraft:oak_sapling":2,"minecraft:dirt":1,"minecraft:cobblestone":21},"minecraft:custom":{"minecraft:time_since_rest":4631,"minecraft:play_time":4631,"minecraft:sprint_one_cm":692,"minecraft:damage_taken":20,"minecraft:walk_one_cm":7016,"minecraft:jump":28,"minecraft:time_since_death":4631,"minecraft:total_world_time":4631,"minecraft:interact_with_crafting_table":1,"minecraft:fall_one_cm":671,"minecraft:fly_one_cm":2178}},"DataVersion":3955}