{"stats":{"minecraft:killed_by":{"minecraft:zombie":1},"minecraft:broken":{"minecraft:stone_axe":1,"minecraft:stone_shovel":1},"minecraft:used":{"minecraft:acacia_boat":9,"minecraft:stone_sword":136,"minecraft:stone_shovel":228,"minecraft:stone_pickaxe":116,"minecraft:shield":16,"minecraft:chest":3,"minecraft:wooden_pickaxe":29,"minecraft:torch":36,"minecraft:dirt":72,"minecraft:crafting_table":5,"minecraft:white_bed":2,"minecraft:bread":29,"minecraft:iron_pickaxe":12,"minecraft:acacia_fence_gate":4,"minecraft:stone_axe":179,"minecraft:cobblestone":1,"minecraft:furnace":3,"minecraft:acacia_fence":29,"minecraft:yellow_bed":5,"minecraft:acacia_planks":154},"minecraft:crafted":{"minecraft:oak_planks":12,"minecraft:stone_shovel":2,"minecraft:crafting_table":2,"minecraft:wooden_pickaxe":1,"minecraft:furnace":2,"minecraft:acacia_fence_gate":2,"minecraft:stone_axe":2,"minecraft:acacia_boat":1,"minecraft:bread":50,"minecraft:air":0,"minecraft:charcoal":9,"minecraft:shield":1,"minecraft:stick":136,"minecraft:iron_ingot":7,"minecraft:iron_pickaxe":1,"minecraft:stone_pickaxe":1,"minecraft:stone_sword":1,"minecraft:chest":3,"minecraft:acacia_fence":36,"minecraft:acacia_planks":320,"minecraft:torch":36,"minecraft:wheat":189},"minecraft:mined":{"minecraft:acacia_leaves":4,"minecraft:white_bed":2,"minecraft:crafting_table":3,"minecraft:short_grass":440,"minecraft:acacia_log":92,"minecraft:grass_block":84,"minecraft:tall_grass":33,"minecraft:cobblestone":1,"minecraft:hay_block":21,"minecraft:coarse_dirt":5,"minecraft:furnace":1,"minecraft:acacia_fence_gate":2,"minecraft:iron_ore":21,"minecraft:andesite":9,"minecraft:yellow_bed":5,"minecraft:deepslate_iron_ore":12,"minecraft:coal_ore":42,"minecraft:oak_log":3,"minecraft:dirt_path":6,"minecraft:acacia_fence":3,"minecraft:dripstone_block":3,"minecraft:dirt":7,"minecraft:cobweb":1,"minecraft:azalea":2,"minecraft:acacia_planks":14,"minecraft:stone":67,"minecraft:oak_leaves":10,"minecraft:deepslate":1,"minecraft:fern":2},"minecraft:picked_up":{"minecraft:crafting_table":4,"minecraft:coarse_dirt":5,"minecraft:andesite":16,"minecraft:oak_log":3,"minecraft:yellow_bed":5,"minecraft:shield":1,"minecraft:acacia_boat":9,"minecraft:dirt":97,"minecraft:string":1,"minecraft:bone":2,"minecraft:acacia_planks":36,"minecraft:wheat_seeds":58,"minecraft:cobbled_deepslate":2,"minecraft:stone_pickaxe":1,"minecraft:iron_ingot":1,"minecraft:acacia_fence_gate":2,"minecraft:beef":3,"minecraft:azalea":1,"minecraft:acacia_sapling":31,"minecraft:egg":3,"minecraft:furnace":1,"minecraft:stick":76,"minecraft:raw_iron":44,"minecraft:acacia_fence":13,"minecraft:torch":11,"minecraft:acacia_log":89,"minecraft:dripstone_block":2,"minecraft:white_bed":2,"minecraft:stone_sword":1,"minecraft:stone_shovel":1,"minecraft:arrow":6,"minecraft:rotten_flesh":14,"minecraft:stone_axe":1,"minecraft:hay_block":21,"minecraft:bread":26,"minecraft:oak_sapling":2,"minecraft:coal":84,"minecraft:cobblestone":110},"minecraft:killed":{"minecraft:skeleton":1,"minecraft:zombie":5,"minecraft:cow":1},"minecraft:custom":{"minecraft:interact_with_smithing_table":1,"minecraft:interact_with_furnace":8,"minecraft:mob_kills":8,"minecraft:animals_bred":3,"minecraft:interact_with_crafting_table":25,"minecraft:bell_ring":4,"minecraft:time_since_death":5538,"minecraft:sleep_in_bed":2,"minecraft:climb_one_cm":1544,"minecraft:time_since_rest":5564,"minecraft:sprint_one_cm":163262,"minecraft:damage_taken":1436,"minecraft:walk_one_cm":285307,"minecraft:damage_blocked_by_shield":1083,"minecraft:damage_dealt":1700,"minecraft:talked_to_villager":2,"minecraft:swim_one_cm":1862,"minecraft:fly_one_cm":186356,"minecraft:open_chest":9,"minecraft:crouch_one_cm":1014,"minecraft:play_time":70631,"minecraft:deaths":1,"minecraft:sneak_time":317,"minecraft:walk_under_water_one_cm":1345,"minecraft:boat_one_cm":13990,"minecraft:jump":994,"minecraft:walk_on_water_one_cm":6300,"minecraft:total_world_time":70631,"minecraft:fall_one_cm":29484}},"DataVersion":3955}