{"stats":{"minecraft:killed_by":{"minecraft:player":3,"minecraft:wither_skeleton":15,"minecraft:hoglin":2,"minecraft:skeleton":2,"minecraft:phantom":8,"minecraft:zombie":1},"minecraft:broken":{"minecraft:stone_axe":1,"minecraft:wooden_axe":1,"minecraft:stone_shovel":1},"minecraft:used":{"minecraft:stone_sword":217,"minecraft:iron_shovel":187,"minecraft:flint_and_steel":4,"minecraft:stone_shovel":228,"minecraft:ladder":5,"minecraft:chest":8,"minecraft:spruce_planks":37,"minecraft:shield":25,"minecraft:iron_sword":204,"minecraft:iron_chestplate":10,"minecraft:orange_bed":1,"minecraft:torch":74,"minecraft:soul_sand":2,"minecraft:dirt":144,"minecraft:golden_chestplate":1,"minecraft:wooden_axe":65,"minecraft:dark_oak_planks":1,"minecraft:iron_axe":16,"minecraft:iron_helmet":3,"minecraft:iron_boots":1,"minecraft:smooth_basalt":1,"minecraft:netherite_boots":1,"minecraft:golden_sword":2,"minecraft:golden_carrot":1,"minecraft:furnace":4,"minecraft:acacia_fence":29,"minecraft:egg":3,"minecraft:cooked_beef":2,"minecraft:acacia_planks":178,"minecraft:cobbled_deepslate":2,"minecraft:iron_leggings":4,"minecraft:acacia_boat":9,"minecraft:water_bucket":3,"minecraft:diamond_boots":1,"minecraft:stone_pickaxe":120,"minecraft:oak_planks":1,"minecraft:cherry_planks":6,"minecraft:wooden_pickaxe":29,"minecraft:sandstone":28,"minecraft:diamond_axe":4,"minecraft:golden_apple":1,"minecraft:crafting_table":9,"minecraft:white_bed":2,"minecraft:black_bed":2,"minecraft:spruce_log":16,"minecraft:apple":2,"minecraft:cyan_bed":2,"minecraft:bread":62,"minecraft:melon_slice":1,"minecraft:iron_pickaxe":256,"minecraft:acacia_fence_gate":4,"minecraft:stone_axe":298,"minecraft:diamond_sword":21,"minecraft:cobblestone":1,"minecraft:cooked_porkchop":16,"minecraft:bucket":2,"minecraft:andesite":2,"minecraft:yellow_bed":7},"minecraft:dropped":{"minecraft:enchanted_book":1,"minecraft:soul_sand":19,"minecraft:wheat_seeds":11,"minecraft:cobblestone":2,"minecraft:iron_helmet":1,"minecraft:saddle":1,"minecraft:golden_apple":2,"minecraft:emerald":8,"minecraft:music_disc_13":1,"minecraft:stick":4,"minecraft:dirt":76,"minecraft:melon_slice":50,"minecraft:cherry_planks":35,"minecraft:netherite_boots":1,"minecraft:iron_leggings":1,"minecraft:iron_pickaxe":1,"minecraft:pink_petals":20,"minecraft:music_disc_cat":1,"minecraft:redstone":18,"minecraft:stone_axe":1,"minecraft:golden_chestplate":1,"minecraft:stone_sword":1,"minecraft:netherite_sword":1,"minecraft:iron_boots":2,"minecraft:diamond_sword":1,"minecraft:potato":16,"minecraft:iron_chestplate":1,"minecraft:golden_sword":1,"minecraft:raw_gold":7,"minecraft:arrow":4,"minecraft:written_book":1},"minecraft:crafted":{"minecraft:cherry_planks":268,"minecraft:oak_planks":12,"minecraft:stone_shovel":2,"minecraft:furnace":2,"minecraft:acacia_fence_gate":2,"minecraft:iron_boots":2,"minecraft:iron_axe":1,"minecraft:ladder":12,"minecraft:stone_pickaxe":1,"minecraft:chest":5,"minecraft:acacia_fence":36,"minecraft:wheat":189,"minecraft:cooked_beef":3,"minecraft:cooked_porkchop":23,"minecraft:crafting_table":3,"minecraft:spruce_planks":192,"minecraft:wooden_pickaxe":1,"minecraft:iron_helmet":1,"minecraft:bucket":1,"minecraft:stone_axe":2,"minecraft:air":0,"minecraft:acacia_boat":1,"minecraft:bread":61,"minecraft:iron_chestplate":1,"minecraft:charcoal":9,"minecraft:shield":1,"minecraft:stick":256,"minecraft:iron_ingot":90,"minecraft:iron_pickaxe":2,"minecraft:wooden_axe":1,"minecraft:stone_sword":1,"minecraft:iron_shovel":1,"minecraft:iron_leggings":1,"minecraft:acacia_planks":336,"minecraft:torch":144},"minecraft:picked_up":{"minecraft:iron_chestplate":23,"minecraft:coarse_dirt":5,"minecraft:crafting_table":7,"minecraft:ladder":1,"minecraft:clay_ball":16,"minecraft:leather_leggings":3,"minecraft:diamond_sword":4,"minecraft:enchanted_book":9,"minecraft:diamond_horse_armor":4,"minecraft:golden_sword":5,"minecraft:shield":10,"minecraft:music_disc_cat":2,"minecraft:string":7,"minecraft:netherite_scrap":6,"minecraft:flint_and_steel":2,"minecraft:iron_leggings":8,"minecraft:blackstone":4,"minecraft:shroomlight":1,"minecraft:cobbled_deepslate":6,"minecraft:netherite_sword":5,"minecraft:spruce_planks":543,"minecraft:beef":7,"minecraft:acacia_fence_gate":2,"minecraft:oak_boat":1,"minecraft:written_book":1,"minecraft:player_head":6,"minecraft:azalea":1,"minecraft:iron_pickaxe":14,"minecraft:light_gray_wool":4,"minecraft:lectern":6,"minecraft:melon_slice":151,"minecraft:chest":3,"minecraft:phantom_membrane":18,"minecraft:iron_boots":11,"minecraft:furnace":2,"minecraft:egg":9,"minecraft:stick":440,"minecraft:raw_iron":227,"minecraft:sandstone":58,"minecraft:acacia_fence":33,"minecraft:torch":335,"minecraft:acacia_log":89,"minecraft:porkchop":111,"minecraft:cherry_log":67,"minecraft:carrot":15,"minecraft:redstone":54,"minecraft:golden_chestplate":14,"minecraft:goat_horn":4,"minecraft:dark_oak_planks":3,"minecraft:orange_bed":1,"minecraft:stone_shovel":10,"minecraft:stone_sword":20,"minecraft:arrow":52,"minecraft:diamond_chestplate":2,"minecraft:rotten_flesh":35,"minecraft:peony":2,"minecraft:diamond_boots":3,"minecraft:hay_block":21,"minecraft:saddle":11,"minecraft:gold_ingot":178,"minecraft:cobblestone":263,"minecraft:pink_petals":359,"minecraft:cherry_planks":34,"minecraft:netherite_boots":6,"minecraft:cooked_beef":3,"minecraft:golden_carrot":6,"minecraft:glow_ink_sac":8,"minecraft:water_bucket":4,"minecraft:andesite":84,"minecraft:black_bed":2,"minecraft:leather":14,"minecraft:acacia_wood":4,"minecraft:potato":52,"minecraft:smooth_sandstone_stairs":20,"minecraft:oak_log":3,"minecraft:yellow_bed":7,"minecraft:wither_skeleton_skull":6,"minecraft:gunpowder":2,"minecraft:acacia_boat":9,"minecraft:cut_sandstone_slab":2,"minecraft:dirt":250,"minecraft:bone":372,"minecraft:acacia_planks":96,"minecraft:apple":10,"minecraft:bow":5,"minecraft:wheat_seeds":75,"minecraft:raw_gold":35,"minecraft:stone_pickaxe":3,"minecraft:iron_ingot":72,"minecraft:bamboo":7,"minecraft:iron_sword":9,"minecraft:oak_planks":2,"minecraft:acacia_sapling":31,"minecraft:soul_sand":59,"minecraft:book":124,"minecraft:smooth_basalt":2,"minecraft:cooked_porkchop":39,"minecraft:music_disc_13":2,"minecraft:sweet_berries":9,"minecraft:stripped_acacia_wood":2,"minecraft:dripstone_block":2,"minecraft:gravel":2,"minecraft:sand":10,"minecraft:red_banner":2,"minecraft:spruce_sapling":58,"minecraft:white_bed":2,"minecraft:spruce_log":240,"minecraft:cyan_bed":2,"minecraft:mossy_cobblestone":20,"minecraft:dark_prismarine":7,"minecraft:spruce_boat":1,"minecraft:slime_ball":25,"minecraft:diamond":48,"minecraft:stone_axe":5,"minecraft:emerald":16,"minecraft:diamond_axe":2,"minecraft:granite":15,"minecraft:iron_helmet":8,"minecraft:crossbow":4,"minecraft:cherry_sapling":65,"minecraft:golden_apple":13,"minecraft:golden_horse_armor":3,"minecraft:bread":67,"minecraft:oak_sapling":2,"minecraft:coal":206,"minecraft:ender_pearl":6},"minecraft:mined":{"minecraft:dark_oak_planks":1,"minecraft:cut_sandstone_slab":2,"minecraft:spruce_planks":6,"minecraft:white_bed":2,"minecraft:mossy_cobblestone":20,"minecraft:cherry_log":67,"minecraft:ladder":1,"minecraft:nether_bricks":1,"minecraft:granite":2,"minecraft:acacia_log":92,"minecraft:grass_block":187,"minecraft:large_fern":1,"minecraft:hay_block":22,"minecraft:furnace":2,"minecraft:iron_ore":76,"minecraft:fire":2,"minecraft:acacia_wood":1,"minecraft:andesite":32,"minecraft:dirt_path":6,"minecraft:deepslate_iron_ore":29,"minecraft:azalea_leaves":1,"minecraft:azalea":2,"minecraft:stone":140,"minecraft:orange_bed":1,"minecraft:deepslate_redstone_ore":4,"minecraft:acacia_leaves":4,"minecraft:cherry_planks":6,"minecraft:soul_sand":10,"minecraft:blackstone":4,"minecraft:red_banner":1,"minecraft:clay":2,"minecraft:crafting_table":6,"minecraft:torch":2,"minecraft:short_grass":510,"minecraft:melon":10,"minecraft:chest":3,"minecraft:dead_bush":2,"minecraft:tall_grass":35,"minecraft:cobblestone":1,"minecraft:cyan_bed":2,"minecraft:wall_torch":2,"minecraft:pink_petals":72,"minecraft:coarse_dirt":5,"minecraft:acacia_fence_gate":2,"minecraft:sweet_berry_bush":3,"minecraft:spruce_log":110,"minecraft:black_bed":2,"minecraft:yellow_bed":7,"minecraft:oak_log":3,"minecraft:coal_ore":61,"minecraft:acacia_fence":3,"minecraft:dripstone_block":3,"minecraft:dirt":32,"minecraft:cobweb":6,"minecraft:acacia_planks":20,"minecraft:stripped_acacia_wood":1,"minecraft:gold_ore":7,"minecraft:oak_leaves":11,"minecraft:deepslate":1,"minecraft:fern":2},"minecraft:killed":{"minecraft:slime":16,"minecraft:phantom":1,"minecraft:skeleton":1,"minecraft:magma_cube":1,"minecraft:hoglin":2,"minecraft:creeper":1,"minecraft:zombie":6,"minecraft:glow_squid":1,"minecraft:wither_skeleton":3,"minecraft:cow":1},"minecraft:custom":{"minecraft:interact_with_smithing_table":1,"minecraft:mob_kills":34,"minecraft:animals_bred":3,"minecraft:interact_with_crafting_table":40,"minecraft:bell_ring":4,"minecraft:leave_game":3,"minecraft:time_since_death":129300,"minecraft:climb_one_cm":8294,"minecraft:sprint_one_cm":623954,"minecraft:walk_one_cm":929159,"minecraft:damage_blocked_by_shield":1760,"minecraft:drop":55,"minecraft:talked_to_villager":3,"minecraft:sneak_time":3044,"minecraft:play_time":286904,"minecraft:deaths":33,"minecraft:walk_under_water_one_cm":62239,"minecraft:boat_one_cm":361934,"minecraft:jump":4860,"minecraft:walk_on_water_one_cm":68109,"minecraft:total_world_time":286904,"minecraft:interact_with_furnace":34,"minecraft:sleep_in_bed":7,"minecraft:time_since_rest":41123,"minecraft:damage_taken":13307,"minecraft:damage_absorbed":40,"minecraft:damage_dealt":7774,"minecraft:swim_one_cm":103352,"minecraft:player_kills":1,"minecraft:fly_one_cm":682293,"minecraft:open_chest":80,"minecraft:crouch_one_cm":6047,"minecraft:interact_with_smoker":1,"minecraft:fall_one_cm":126685,"minecraft:horse_one_cm":129432}},"DataVersion":3955}