{"stats":{"minecraft:killed_by":{"minecraft:player":3,"minecraft:wither_skeleton":15,"minecraft:hoglin":2,"minecraft:skeleton":2,"minecraft:phantom":8,"minecraft:zombie":1},"minecraft:broken":{"minecraft:stone_axe":1,"minecraft:stone_shovel":1},"minecraft:used":{"minecraft:stone_sword":217,"minecraft:flint_and_steel":4,"minecraft:stone_shovel":228,"minecraft:chest":4,"minecraft:spruce_planks":37,"minecraft:shield":25,"minecraft:iron_sword":204,"minecraft:iron_chestplate":10,"minecraft:orange_bed":1,"minecraft:torch":72,"minecraft:dirt":91,"minecraft:golden_chestplate":1,"minecraft:dark_oak_planks":1,"minecraft:iron_helmet":3,"minecraft:iron_boots":1,"minecraft:smooth_basalt":1,"minecraft:netherite_boots":1,"minecraft:golden_sword":2,"minecraft:golden_carrot":1,"minecraft:furnace":4,"minecraft:acacia_fence":29,"minecraft:egg":3,"minecraft:cooked_beef":2,"minecraft:acacia_planks":178,"minecraft:cobbled_deepslate":2,"minecraft:iron_leggings":4,"minecraft:acacia_boat":9,"minecraft:water_bucket":3,"minecraft:diamond_boots":1,"minecraft:stone_pickaxe":120,"minecraft:oak_planks":1,"minecraft:wooden_pickaxe":29,"minecraft:sandstone":28,"minecraft:diamond_axe":4,"minecraft:golden_apple":1,"minecraft:crafting_table":6,"minecraft:white_bed":2,"minecraft:black_bed":2,"minecraft:spruce_log":16,"minecraft:apple":2,"minecraft:bread":58,"minecraft:melon_slice":1,"minecraft:iron_pickaxe":161,"minecraft:acacia_fence_gate":4,"minecraft:stone_axe":298,"minecraft:diamond_sword":15,"minecraft:cobblestone":1,"minecraft:cooked_porkchop":12,"minecraft:bucket":2,"minecraft:andesite":2,"minecraft:yellow_bed":5},"minecraft:dropped":{"minecraft:wheat_seeds":10,"minecraft:cobblestone":2,"minecraft:iron_helmet":1,"minecraft:dirt":12,"minecraft:iron_leggings":1,"minecraft:iron_pickaxe":1,"minecraft:stone_axe":1,"minecraft:stone_sword":1,"minecraft:iron_boots":1,"minecraft:diamond_sword":1,"minecraft:iron_chestplate":1,"minecraft:arrow":4,"minecraft:written_book":1},"minecraft:crafted":{"minecraft:oak_planks":12,"minecraft:stone_shovel":2,"minecraft:furnace":2,"minecraft:acacia_fence_gate":2,"minecraft:iron_boots":2,"minecraft:stone_pickaxe":1,"minecraft:chest":3,"minecraft:acacia_fence":36,"minecraft:wheat":189,"minecraft:cooked_beef":3,"minecraft:cooked_porkchop":23,"minecraft:crafting_table":2,"minecraft:spruce_planks":192,"minecraft:wooden_pickaxe":1,"minecraft:iron_helmet":1,"minecraft:bucket":1,"minecraft:stone_axe":2,"minecraft:air":0,"minecraft:acacia_boat":1,"minecraft:bread":61,"minecraft:iron_chestplate":1,"minecraft:charcoal":9,"minecraft:shield":1,"minecraft:stick":164,"minecraft:iron_ingot":90,"minecraft:iron_pickaxe":1,"minecraft:stone_sword":1,"minecraft:iron_leggings":1,"minecraft:acacia_planks":336,"minecraft:torch":124},"minecraft:picked_up":{"minecraft:iron_chestplate":23,"minecraft:coarse_dirt":5,"minecraft:crafting_table":5,"minecraft:clay_ball":16,"minecraft:leather_leggings":3,"minecraft:diamond_sword":3,"minecraft:enchanted_book":6,"minecraft:diamond_horse_armor":3,"minecraft:golden_sword":3,"minecraft:shield":10,"minecraft:string":7,"minecraft:netherite_scrap":6,"minecraft:flint_and_steel":2,"minecraft:iron_leggings":8,"minecraft:blackstone":4,"minecraft:shroomlight":1,"minecraft:cobbled_deepslate":6,"minecraft:netherite_sword":3,"minecraft:spruce_planks":543,"minecraft:beef":7,"minecraft:acacia_fence_gate":2,"minecraft:written_book":1,"minecraft:player_head":4,"minecraft:azalea":1,"minecraft:iron_pickaxe":14,"minecraft:light_gray_wool":4,"minecraft:lectern":6,"minecraft:melon_slice":51,"minecraft:chest":1,"minecraft:phantom_membrane":18,"minecraft:iron_boots":11,"minecraft:furnace":2,"minecraft:egg":9,"minecraft:stick":426,"minecraft:raw_iron":199,"minecraft:sandstone":58,"minecraft:acacia_fence":33,"minecraft:torch":335,"minecraft:acacia_log":89,"minecraft:porkchop":82,"minecraft:carrot":15,"minecraft:redstone":18,"minecraft:golden_chestplate":11,"minecraft:goat_horn":4,"minecraft:dark_oak_planks":3,"minecraft:orange_bed":1,"minecraft:stone_shovel":10,"minecraft:stone_sword":20,"minecraft:arrow":50,"minecraft:diamond_chestplate":2,"minecraft:rotten_flesh":35,"minecraft:diamond_boots":2,"minecraft:hay_block":21,"minecraft:saddle":9,"minecraft:gold_ingot":116,"minecraft:cobblestone":210,"minecraft:netherite_boots":4,"minecraft:cooked_beef":3,"minecraft:golden_carrot":6,"minecraft:glow_ink_sac":6,"minecraft:water_bucket":4,"minecraft:andesite":84,"minecraft:black_bed":2,"minecraft:leather":14,"minecraft:acacia_wood":4,"minecraft:potato":20,"minecraft:smooth_sandstone_stairs":20,"minecraft:oak_log":3,"minecraft:yellow_bed":5,"minecraft:wither_skeleton_skull":6,"minecraft:gunpowder":2,"minecraft:acacia_boat":9,"minecraft:cut_sandstone_slab":2,"minecraft:dirt":131,"minecraft:bone":370,"minecraft:acacia_planks":96,"minecraft:apple":10,"minecraft:bow":5,"minecraft:wheat_seeds":62,"minecraft:raw_gold":21,"minecraft:stone_pickaxe":3,"minecraft:iron_ingot":22,"minecraft:iron_sword":9,"minecraft:oak_planks":2,"minecraft:acacia_sapling":31,"minecraft:soul_sand":19,"minecraft:book":124,"minecraft:smooth_basalt":2,"minecraft:cooked_porkchop":39,"minecraft:stripped_acacia_wood":2,"minecraft:dripstone_block":2,"minecraft:gravel":2,"minecraft:sand":10,"minecraft:spruce_sapling":58,"minecraft:white_bed":2,"minecraft:spruce_log":240,"minecraft:dark_prismarine":7,"minecraft:slime_ball":25,"minecraft:diamond":33,"minecraft:stone_axe":5,"minecraft:diamond_axe":2,"minecraft:granite":15,"minecraft:iron_helmet":8,"minecraft:crossbow":3,"minecraft:golden_apple":9,"minecraft:golden_horse_armor":2,"minecraft:bread":67,"minecraft:oak_sapling":2,"minecraft:coal":174,"minecraft:ender_pearl":6},"minecraft:mined":{"minecraft:dark_oak_planks":1,"minecraft:cut_sandstone_slab":2,"minecraft:spruce_planks":6,"minecraft:white_bed":2,"minecraft:nether_bricks":1,"minecraft:granite":2,"minecraft:acacia_log":92,"minecraft:grass_block":88,"minecraft:hay_block":21,"minecraft:furnace":2,"minecraft:iron_ore":62,"minecraft:fire":2,"minecraft:acacia_wood":1,"minecraft:andesite":32,"minecraft:dirt_path":6,"minecraft:deepslate_iron_ore":29,"minecraft:azalea":2,"minecraft:stone":87,"minecraft:orange_bed":1,"minecraft:deepslate_redstone_ore":4,"minecraft:acacia_leaves":4,"minecraft:soul_sand":8,"minecraft:blackstone":4,"minecraft:clay":2,"minecraft:crafting_table":4,"minecraft:torch":2,"minecraft:short_grass":445,"minecraft:melon":10,"minecraft:chest":1,"minecraft:dead_bush":2,"minecraft:tall_grass":34,"minecraft:cobblestone":1,"minecraft:wall_torch":2,"minecraft:coarse_dirt":5,"minecraft:acacia_fence_gate":2,"minecraft:spruce_log":110,"minecraft:black_bed":2,"minecraft:yellow_bed":5,"minecraft:oak_log":3,"minecraft:coal_ore":53,"minecraft:acacia_fence":3,"minecraft:dripstone_block":3,"minecraft:dirt":15,"minecraft:cobweb":6,"minecraft:acacia_planks":20,"minecraft:stripped_acacia_wood":1,"minecraft:gold_ore":7,"minecraft:oak_leaves":11,"minecraft:deepslate":1,"minecraft:fern":2},"minecraft:killed":{"minecraft:slime":16,"minecraft:phantom":1,"minecraft:skeleton":1,"minecraft:magma_cube":1,"minecraft:hoglin":2,"minecraft:creeper":1,"minecraft:zombie":6,"minecraft:glow_squid":1,"minecraft:wither_skeleton":3,"minecraft:cow":1},"minecraft:custom":{"minecraft:interact_with_smithing_table":1,"minecraft:mob_kills":34,"minecraft:animals_bred":3,"minecraft:interact_with_crafting_table":33,"minecraft:bell_ring":4,"minecraft:leave_game":2,"minecraft:time_since_death":80456,"minecraft:climb_one_cm":2362,"minecraft:sprint_one_cm":517595,"minecraft:walk_one_cm":738045,"minecraft:damage_blocked_by_shield":1760,"minecraft:drop":32,"minecraft:talked_to_villager":3,"minecraft:sneak_time":2059,"minecraft:play_time":238060,"minecraft:deaths":33,"minecraft:walk_under_water_one_cm":62239,"minecraft:boat_one_cm":361934,"minecraft:jump":4156,"minecraft:walk_on_water_one_cm":67563,"minecraft:total_world_time":238060,"minecraft:interact_with_furnace":34,"minecraft:sleep_in_bed":6,"minecraft:time_since_rest":9385,"minecraft:damage_taken":13003,"minecraft:damage_absorbed":40,"minecraft:damage_dealt":7774,"minecraft:swim_one_cm":103352,"minecraft:player_kills":1,"minecraft:fly_one_cm":572245,"minecraft:open_chest":60,"minecraft:crouch_one_cm":5099,"minecraft:interact_with_smoker":1,"minecraft:fall_one_cm":105238,"minecraft:horse_one_cm":9104}},"DataVersion":3955}