{"stats":{"minecraft:used":{"minecraft:acacia_boat":3,"minecraft:stone_sword":97,"minecraft:stone_shovel":142,"minecraft:stone_pickaxe":5,"minecraft:wooden_pickaxe":29,"minecraft:torch":4,"minecraft:dirt":61,"minecraft:crafting_table":3,"minecraft:white_bed":2,"minecraft:bread":6,"minecraft:acacia_fence_gate":2,"minecraft:stone_axe":164,"minecraft:furnace":1,"minecraft:acacia_fence":29,"minecraft:yellow_bed":5,"minecraft:acacia_planks":154},"minecraft:crafted":{"minecraft:oak_planks":12,"minecraft:stone_shovel":1,"minecraft:crafting_table":1,"minecraft:wooden_pickaxe":1,"minecraft:furnace":1,"minecraft:acacia_fence_gate":2,"minecraft:stone_axe":1,"minecraft:acacia_boat":1,"minecraft:bread":21,"minecraft:air":0,"minecraft:charcoal":9,"minecraft:stick":136,"minecraft:stone_pickaxe":1,"minecraft:stone_sword":1,"minecraft:acacia_fence":36,"minecraft:acacia_planks":292,"minecraft:torch":36,"minecraft:wheat":189},"minecraft:mined":{"minecraft:acacia_leaves":4,"minecraft:white_bed":2,"minecraft:crafting_table":2,"minecraft:short_grass":405,"minecraft:acacia_log":85,"minecraft:grass_block":82,"minecraft:tall_grass":32,"minecraft:hay_block":21,"minecraft:coarse_dirt":5,"minecraft:furnace":1,"minecraft:yellow_bed":5,"minecraft:oak_log":3,"minecraft:dirt_path":6,"minecraft:acacia_fence":3,"minecraft:dripstone_block":3,"minecraft:dirt":2,"minecraft:cobweb":1,"minecraft:azalea":2,"minecraft:acacia_planks":12,"minecraft:stone":30,"minecraft:oak_leaves":10,"minecraft:fern":2},"minecraft:picked_up":{"minecraft:crafting_table":2,"minecraft:coarse_dirt":5,"minecraft:oak_log":3,"minecraft:yellow_bed":5,"minecraft:acacia_boat":3,"minecraft:dirt":90,"minecraft:string":1,"minecraft:acacia_planks":16,"minecraft:wheat_seeds":54,"minecraft:beef":3,"minecraft:azalea":1,"minecraft:acacia_sapling":31,"minecraft:egg":1,"minecraft:furnace":1,"minecraft:stick":24,"minecraft:acacia_fence":3,"minecraft:acacia_log":82,"minecraft:dripstone_block":2,"minecraft:white_bed":2,"minecraft:hay_block":21,"minecraft:oak_sapling":2,"minecraft:cobblestone":29},"minecraft:killed":{"minecraft:cow":1},"minecraft:custom":{"minecraft:interact_with_smithing_table":1,"minecraft:interact_with_furnace":3,"minecraft:mob_kills":1,"minecraft:animals_bred":2,"minecraft:interact_with_crafting_table":15,"minecraft:bell_ring":4,"minecraft:time_since_death":40631,"minecraft:sleep_in_bed":2,"minecraft:time_since_rest":9132,"minecraft:sprint_one_cm":108242,"minecraft:damage_taken":90,"minecraft:walk_one_cm":177123,"minecraft:damage_dealt":100,"minecraft:talked_to_villager":1,"minecraft:swim_one_cm":1862,"minecraft:fly_one_cm":114040,"minecraft:open_chest":5,"minecraft:crouch_one_cm":1008,"minecraft:play_time":40631,"minecraft:sneak_time":305,"minecraft:walk_under_water_one_cm":537,"minecraft:boat_one_cm":2629,"minecraft:jump":549,"minecraft:walk_on_water_one_cm":93,"minecraft:total_world_time":40631,"minecraft:fall_one_cm":15869}},"DataVersion":3955}