{"stats":{"minecraft:killed_by":{"minecraft:player":1,"minecraft:wither_skeleton":8,"minecraft:hoglin":2,"minecraft:skeleton":2,"minecraft:phantom":8,"minecraft:zombie":1},"minecraft:broken":{"minecraft:stone_axe":1,"minecraft:stone_shovel":1},"minecraft:used":{"minecraft:stone_sword":206,"minecraft:flint_and_steel":4,"minecraft:stone_shovel":228,"minecraft:chest":3,"minecraft:spruce_planks":35,"minecraft:shield":25,"minecraft:iron_sword":204,"minecraft:iron_chestplate":7,"minecraft:torch":72,"minecraft:dirt":81,"minecraft:iron_boots":1,"minecraft:smooth_basalt":1,"minecraft:furnace":4,"minecraft:acacia_fence":29,"minecraft:egg":1,"minecraft:cooked_beef":2,"minecraft:acacia_planks":154,"minecraft:cobbled_deepslate":2,"minecraft:iron_leggings":1,"minecraft:acacia_boat":9,"minecraft:water_bucket":3,"minecraft:stone_pickaxe":120,"minecraft:oak_planks":1,"minecraft:wooden_pickaxe":29,"minecraft:sandstone":28,"minecraft:diamond_axe":4,"minecraft:crafting_table":6,"minecraft:white_bed":2,"minecraft:black_bed":2,"minecraft:spruce_log":16,"minecraft:bread":47,"minecraft:iron_pickaxe":161,"minecraft:acacia_fence_gate":4,"minecraft:stone_axe":298,"minecraft:cobblestone":1,"minecraft:cooked_porkchop":5,"minecraft:andesite":2,"minecraft:bucket":2,"minecraft:yellow_bed":5},"minecraft:dropped":{"minecraft:iron_pickaxe":1,"minecraft:stone_sword":1,"minecraft:diamond_sword":1,"minecraft:written_book":1},"minecraft:crafted":{"minecraft:oak_planks":12,"minecraft:stone_shovel":2,"minecraft:furnace":2,"minecraft:acacia_fence_gate":2,"minecraft:stone_pickaxe":1,"minecraft:chest":3,"minecraft:acacia_fence":36,"minecraft:wheat":189,"minecraft:cooked_beef":3,"minecraft:cooked_porkchop":12,"minecraft:crafting_table":2,"minecraft:spruce_planks":192,"minecraft:wooden_pickaxe":1,"minecraft:bucket":1,"minecraft:stone_axe":2,"minecraft:bread":50,"minecraft:acacia_boat":1,"minecraft:air":0,"minecraft:iron_chestplate":1,"minecraft:charcoal":9,"minecraft:shield":1,"minecraft:stick":164,"minecraft:iron_ingot":13,"minecraft:iron_pickaxe":1,"minecraft:stone_sword":1,"minecraft:acacia_planks":320,"minecraft:torch":124},"minecraft:mined":{"minecraft:cut_sandstone_slab":2,"minecraft:spruce_planks":3,"minecraft:white_bed":2,"minecraft:nether_bricks":1,"minecraft:granite":2,"minecraft:acacia_log":92,"minecraft:grass_block":88,"minecraft:hay_block":21,"minecraft:furnace":2,"minecraft:iron_ore":62,"minecraft:fire":2,"minecraft:andesite":32,"minecraft:dirt_path":6,"minecraft:deepslate_iron_ore":29,"minecraft:azalea":2,"minecraft:stone":87,"minecraft:deepslate_redstone_ore":4,"minecraft:acacia_leaves":4,"minecraft:blackstone":4,"minecraft:clay":2,"minecraft:crafting_table":4,"minecraft:torch":2,"minecraft:short_grass":442,"minecraft:dead_bush":2,"minecraft:cobblestone":1,"minecraft:tall_grass":33,"minecraft:wall_torch":2,"minecraft:coarse_dirt":5,"minecraft:acacia_fence_gate":2,"minecraft:spruce_log":110,"minecraft:black_bed":2,"minecraft:yellow_bed":5,"minecraft:oak_log":3,"minecraft:coal_ore":53,"minecraft:acacia_fence":3,"minecraft:dripstone_block":3,"minecraft:dirt":14,"minecraft:cobweb":6,"minecraft:acacia_planks":19,"minecraft:stripped_acacia_wood":1,"minecraft:gold_ore":7,"minecraft:oak_leaves":10,"minecraft:deepslate":1,"minecraft:fern":2},"minecraft:picked_up":{"minecraft:iron_chestplate":15,"minecraft:coarse_dirt":5,"minecraft:crafting_table":5,"minecraft:clay_ball":16,"minecraft:leather_leggings":2,"minecraft:diamond_sword":1,"minecraft:enchanted_book":5,"minecraft:shield":10,"minecraft:string":7,"minecraft:flint_and_steel":2,"minecraft:iron_leggings":3,"minecraft:blackstone":4,"minecraft:cobbled_deepslate":6,"minecraft:spruce_planks":540,"minecraft:beef":7,"minecraft:acacia_fence_gate":2,"minecraft:written_book":1,"minecraft:azalea":1,"minecraft:iron_pickaxe":14,"minecraft:lectern":4,"minecraft:phantom_membrane":14,"minecraft:furnace":2,"minecraft:iron_boots":6,"minecraft:egg":7,"minecraft:raw_iron":199,"minecraft:stick":408,"minecraft:sandstone":58,"minecraft:acacia_fence":33,"minecraft:torch":335,"minecraft:acacia_log":89,"minecraft:porkchop":22,"minecraft:carrot":15,"minecraft:redstone":18,"minecraft:golden_chestplate":2,"minecraft:goat_horn":4,"minecraft:stone_sword":17,"minecraft:arrow":45,"minecraft:rotten_flesh":35,"minecraft:stone_shovel":10,"minecraft:hay_block":21,"minecraft:saddle":3,"minecraft:cobblestone":208,"minecraft:netherite_boots":1,"minecraft:cooked_beef":3,"minecraft:glow_ink_sac":6,"minecraft:water_bucket":4,"minecraft:andesite":84,"minecraft:black_bed":2,"minecraft:leather":4,"minecraft:smooth_sandstone_stairs":20,"minecraft:oak_log":3,"minecraft:yellow_bed":5,"minecraft:wither_skeleton_skull":4,"minecraft:gunpowder":2,"minecraft:acacia_boat":9,"minecraft:cut_sandstone_slab":2,"minecraft:dirt":118,"minecraft:bone":357,"minecraft:acacia_planks":77,"minecraft:apple":6,"minecraft:bow":3,"minecraft:wheat_seeds":58,"minecraft:raw_gold":21,"minecraft:iron_ingot":22,"minecraft:stone_pickaxe":3,"minecraft:iron_sword":9,"minecraft:acacia_sapling":31,"minecraft:oak_planks":2,"minecraft:book":120,"minecraft:smooth_basalt":2,"minecraft:cooked_porkchop":23,"minecraft:stripped_acacia_wood":2,"minecraft:dripstone_block":2,"minecraft:gravel":2,"minecraft:sand":10,"minecraft:spruce_sapling":58,"minecraft:white_bed":2,"minecraft:spruce_log":240,"minecraft:dark_prismarine":5,"minecraft:slime_ball":16,"minecraft:stone_axe":4,"minecraft:diamond_axe":1,"minecraft:iron_helmet":3,"minecraft:granite":15,"minecraft:golden_apple":1,"minecraft:bread":67,"minecraft:oak_sapling":2,"minecraft:coal":168,"minecraft:ender_pearl":6},"minecraft:killed":{"minecraft:slime":16,"minecraft:phantom":1,"minecraft:skeleton":1,"minecraft:hoglin":2,"minecraft:creeper":1,"minecraft:zombie":6,"minecraft:glow_squid":1,"minecraft:wither_skeleton":3,"minecraft:cow":1},"minecraft:custom":{"minecraft:interact_with_smithing_table":1,"minecraft:mob_kills":33,"minecraft:animals_bred":3,"minecraft:interact_with_crafting_table":28,"minecraft:bell_ring":4,"minecraft:time_since_death":766,"minecraft:climb_one_cm":1544,"minecraft:sprint_one_cm":273562,"minecraft:walk_one_cm":548908,"minecraft:damage_blocked_by_shield":1760,"minecraft:drop":4,"minecraft:talked_to_villager":2,"minecraft:sneak_time":1731,"minecraft:play_time":142631,"minecraft:deaths":24,"minecraft:walk_under_water_one_cm":36901,"minecraft:boat_one_cm":13990,"minecraft:jump":2421,"minecraft:walk_on_water_one_cm":22733,"minecraft:total_world_time":142631,"minecraft:interact_with_furnace":19,"minecraft:sleep_in_bed":3,"minecraft:time_since_rest":797,"minecraft:damage_taken":9259,"minecraft:damage_dealt":7389,"minecraft:swim_one_cm":7706,"minecraft:fly_one_cm":263978,"minecraft:open_chest":16,"minecraft:crouch_one_cm":4316,"minecraft:fall_one_cm":51446}},"DataVersion":3955}