{"stats":{"minecraft:killed_by":{"minecraft:creeper":4,"minecraft:zombie":2,"minecraft:stray":1,"minecraft:enderman":1,"minecraft:skeleton":2},"minecraft:broken":{"minecraft:wooden_axe":1,"minecraft:shield":4,"minecraft:iron_axe":1},"minecraft:used":{"minecraft:beetroot":2,"minecraft:moss_carpet":2,"minecraft:chest":3,"minecraft:shield":174,"minecraft:rotten_flesh":11,"minecraft:acacia_sapling":1,"minecraft:tuff":7,"minecraft:spruce_boat":1,"minecraft:dark_oak_wood":6,"minecraft:red_carpet":1,"minecraft:bow":16,"minecraft:written_book":2,"minecraft:scaffolding":19,"minecraft:furnace":3,"minecraft:beetroot_seeds":2,"minecraft:egg":1,"minecraft:stripped_spruce_wood":1,"minecraft:stone_pickaxe":77,"minecraft:oak_planks":81,"minecraft:blackstone":30,"minecraft:wooden_pickaxe":4,"minecraft:sandstone":2,"minecraft:diamond_axe":78,"minecraft:golden_apple":2,"minecraft:dark_oak_trapdoor":2,"minecraft:sand":3,"minecraft:black_bed":3,"minecraft:zombie_head":2,"minecraft:bread":56,"minecraft:fire_charge":4,"minecraft:diamond_sword":333,"minecraft:oak_boat":20,"minecraft:experience_bottle":4,"minecraft:trident":1,"minecraft:redstone":3,"minecraft:spruce_planks":34,"minecraft:cooked_salmon":23,"minecraft:cooked_chicken":3,"minecraft:oak_door":1,"minecraft:torch":238,"minecraft:granite":10,"minecraft:wooden_axe":84,"minecraft:iron_axe":160,"minecraft:smooth_basalt":6,"minecraft:goat_horn":7,"minecraft:cooked_beef":4,"minecraft:cobbled_deepslate":19,"minecraft:wheat_seeds":7,"minecraft:cooked_mutton":1,"minecraft:cyan_candle":4,"minecraft:green_bed":1,"minecraft:tnt":9,"minecraft:crafting_table":22,"minecraft:campfire":2,"minecraft:flower_pot":1,"minecraft:diamond_pickaxe":351,"minecraft:apple":4,"minecraft:iron_pickaxe":7,"minecraft:stone_axe":6,"minecraft:cobblestone":16,"minecraft:cooked_porkchop":22,"minecraft:red_banner":1,"minecraft:bucket":1,"minecraft:diamond_leggings":1},"minecraft:dropped":{"minecraft:porkchop":3,"minecraft:dark_oak_stairs":1,"minecraft:lapis_lazuli":64,"minecraft:glass_bottle":1,"minecraft:diamond":5,"minecraft:crafting_table":2,"minecraft:leather":2,"minecraft:rail":20,"minecraft:red_carpet":1,"minecraft:gold_block":4,"minecraft:emerald":1,"minecraft:dirt":1,"minecraft:stone_button":16,"minecraft:amethyst_shard":6,"minecraft:sand":2,"minecraft:iron_pickaxe":1,"minecraft:bone":11,"minecraft:dark_oak_door":1,"minecraft:stone_axe":1,"minecraft:cobbled_deepslate":5,"minecraft:rotten_flesh":32,"minecraft:oak_planks":54,"minecraft:salmon":5,"minecraft:chainmail_chestplate":2,"minecraft:beetroot_seeds":5,"minecraft:melon_seeds":14,"minecraft:chest":1,"minecraft:chainmail_boots":2,"minecraft:spruce_slab":8,"minecraft:arrow":1,"minecraft:enchanted_book":1,"minecraft:iron_ingot":7,"minecraft:bread":9,"minecraft:wheat_seeds":2,"minecraft:iron_helmet":6,"minecraft:cobblestone":1,"minecraft:spruce_stairs":7,"minecraft:torch":15,"minecraft:rabbit":2,"minecraft:cooked_salmon":6,"minecraft:iron_leggings":4,"minecraft:armadillo_scute":1,"minecraft:chainmail_leggings":2,"minecraft:string":3,"minecraft:chiseled_sandstone":1,"minecraft:furnace":1,"minecraft:moss_carpet":2,"minecraft:iron_boots":5,"minecraft:flower_pot":1,"minecraft:spruce_planks":37,"minecraft:oak_boat":1,"minecraft:oak_sapling":17,"minecraft:spider_eye":2,"minecraft:sandstone":1,"minecraft:bow":1,"minecraft:stone_pickaxe":2,"minecraft:wooden_pickaxe":1,"minecraft:magma_cream":1,"minecraft:stripped_spruce_wood":1,"minecraft:black_wool":1,"minecraft:brick":3},"minecraft:crafted":{"minecraft:oak_planks":132,"minecraft:cooked_chicken":3,"minecraft:diamond_helmet":1,"minecraft:diamond_leggings":2,"minecraft:iron_boots":1,"minecraft:chest":3,"minecraft:raw_iron_block":5,"minecraft:emerald":27,"minecraft:cooked_porkchop":24,"minecraft:diamond_axe":1,"minecraft:crafting_table":4,"minecraft:wooden_pickaxe":1,"minecraft:iron_helmet":2,"minecraft:campfire":2,"minecraft:diamond_pickaxe":1,"minecraft:charcoal":3,"minecraft:shield":4,"minecraft:stick":68,"minecraft:iron_pickaxe":1,"minecraft:iron_ingot":22,"minecraft:black_bed":1,"minecraft:furnace":1,"minecraft:iron_axe":1,"minecraft:stone_pickaxe":1,"minecraft:diamond_boots":1,"minecraft:spruce_boat":1,"minecraft:wheat":81,"minecraft:cooked_beef":4,"minecraft:diamond_sword":1,"minecraft:cooked_salmon":29,"minecraft:bucket":1,"minecraft:stone_axe":1,"minecraft:bread":29,"minecraft:air":0,"minecraft:jungle_planks":72,"minecraft:oak_boat":2,"minecraft:wooden_axe":2,"minecraft:iron_leggings":1,"minecraft:acacia_planks":4,"minecraft:torch":196,"minecraft:diamond_chestplate":1},"minecraft:mined":{"minecraft:stone_pressure_plate":1,"minecraft:spruce_planks":14,"minecraft:granite":3,"minecraft:acacia_log":1,"minecraft:jungle_log":32,"minecraft:spawner":19,"minecraft:raw_iron_block":8,"minecraft:dark_oak_trapdoor":1,"minecraft:iron_ore":10,"minecraft:fire":30,"minecraft:moss_carpet":1,"minecraft:deepslate_lapis_ore":5,"minecraft:iron_block":1,"minecraft:green_bed":2,"minecraft:blackstone":74,"minecraft:orange_terracotta":1,"minecraft:torch":7,"minecraft:dead_bush":16,"minecraft:cobblestone":8,"minecraft:oak_planks":2,"minecraft:wall_torch":3,"minecraft:skeleton_skull":1,"minecraft:wheat":8,"minecraft:black_bed":2,"minecraft:tnt":8,"minecraft:potted_poppy":1,"minecraft:smooth_stone_slab":5,"minecraft:oak_log":42,"minecraft:beetroots":2,"minecraft:sand":3,"minecraft:oak_leaves":6,"minecraft:deepslate":16,"minecraft:emerald_block":2,"minecraft:tuff":7,"minecraft:deepslate_diamond_ore":62,"minecraft:candle":1,"minecraft:redstone_wire":3,"minecraft:sandstone":5,"minecraft:hay_block":49,"minecraft:furnace":2,"minecraft:raw_gold_block":6,"minecraft:chiseled_sandstone":4,"minecraft:gold_block":8,"minecraft:deepslate_iron_ore":52,"minecraft:vine":1,"minecraft:stone":24,"minecraft:acacia_leaves":3,"minecraft:scaffolding":12,"minecraft:crafting_table":18,"minecraft:short_grass":18,"minecraft:campfire":2,"minecraft:tall_grass":18,"minecraft:lapis_ore":8,"minecraft:deepslate_gold_ore":20,"minecraft:stripped_spruce_wood":1,"minecraft:black_wool":4,"minecraft:coal_ore":67,"minecraft:fern":2,"minecraft:iron_trapdoor":1},"minecraft:picked_up":{"minecraft:wheat":9,"minecraft:chainmail_boots":2,"minecraft:flower_pot":3,"minecraft:diamond_sword":2,"minecraft:enchanted_book":1,"minecraft:string":16,"minecraft:dark_oak_trapdoor":4,"minecraft:iron_leggings":3,"minecraft:zombie_head":2,"minecraft:beetroot":2,"minecraft:diamond_leggings":2,"minecraft:cobbled_deepslate":72,"minecraft:spruce_planks":159,"minecraft:iron_pickaxe":6,"minecraft:iron_boots":4,"minecraft:furnace":9,"minecraft:dark_oak_door":1,"minecraft:stick":154,"minecraft:acacia_log":1,"minecraft:torch":94,"minecraft:green_bed":2,"minecraft:spruce_stairs":8,"minecraft:porkchop":32,"minecraft:goat_horn":1,"minecraft:cactus":2,"minecraft:rotten_flesh":137,"minecraft:armadillo_scute":3,"minecraft:iron_block":1,"minecraft:cobblestone":39,"minecraft:feather":11,"minecraft:magma_cream":1,"minecraft:jungle_log":29,"minecraft:black_bed":2,"minecraft:smooth_sandstone_stairs":8,"minecraft:tuff":10,"minecraft:stripped_spruce_wood":2,"minecraft:lapis_lazuli":526,"minecraft:dirt":1,"minecraft:name_tag":2,"minecraft:bone":187,"minecraft:bow":5,"minecraft:wheat_seeds":20,"minecraft:raw_gold":74,"minecraft:cyan_candle":4,"minecraft:diamond_helmet":2,"minecraft:rabbit":6,"minecraft:oak_planks":311,"minecraft:cooked_porkchop":53,"minecraft:sand":44,"minecraft:chiseled_sandstone":1,"minecraft:diamond":181,"minecraft:granite":17,"minecraft:golden_apple":1,"minecraft:bread":46,"minecraft:emerald":1,"minecraft:oak_sapling":146,"minecraft:light_gray_carpet":3,"minecraft:diamond_pickaxe":5,"minecraft:charcoal":4,"minecraft:crafting_table":30,"minecraft:chicken":7,"minecraft:wooden_pickaxe":3,"minecraft:cooked_rabbit":1,"minecraft:gold_block":12,"minecraft:brick":3,"minecraft:shield":7,"minecraft:moss_carpet":4,"minecraft:iron_axe":5,"minecraft:item_frame":1,"minecraft:blackstone":195,"minecraft:beef":6,"minecraft:oak_boat":23,"minecraft:jungle_sapling":4,"minecraft:spruce_slab":24,"minecraft:chest":1,"minecraft:egg":1,"minecraft:raw_iron":231,"minecraft:sandstone":3,"minecraft:raw_gold_block":6,"minecraft:oak_door":2,"minecraft:stone_button":24,"minecraft:trident":1,"minecraft:redstone":45,"minecraft:stone_pressure_plate":1,"minecraft:iron_horse_armor":1,"minecraft:tnt":9,"minecraft:diamond_chestplate":3,"minecraft:arrow":147,"minecraft:beetroot_seeds":7,"minecraft:diamond_boots":3,"minecraft:hay_block":50,"minecraft:stripped_dark_oak_wood":1,"minecraft:black_banner":2,"minecraft:saddle":2,"minecraft:gold_ingot":18,"minecraft:glow_berries":18,"minecraft:mutton":4,"minecraft:rail":20,"minecraft:skeleton_skull":1,"minecraft:white_wool":20,"minecraft:salmon":34,"minecraft:leather":2,"minecraft:oak_log":228,"minecraft:chainmail_chestplate":2,"minecraft:gunpowder":24,"minecraft:orange_terracotta":1,"minecraft:cooked_mutton":4,"minecraft:smooth_sandstone":16,"minecraft:red_carpet":2,"minecraft:apple":2,"minecraft:rabbit_hide":1,"minecraft:iron_ingot":31,"minecraft:stone_pickaxe":5,"minecraft:cooked_chicken":3,"minecraft:glass_bottle":3,"minecraft:acacia_sapling":1,"minecraft:dark_oak_stairs":1,"minecraft:book":10,"minecraft:scaffolding":19,"minecraft:smooth_basalt":12,"minecraft:dark_oak_slab":8,"minecraft:emerald_block":3,"minecraft:raw_iron_block":8,"minecraft:amethyst_shard":6,"minecraft:red_banner":1,"minecraft:spider_eye":2,"minecraft:stone_axe":1,"minecraft:chainmail_leggings":2,"minecraft:iron_helmet":8,"minecraft:diamond_axe":2,"minecraft:dark_oak_wood":6,"minecraft:melon_seeds":20,"minecraft:black_wool":4,"minecraft:coal":143,"minecraft:ender_pearl":16},"minecraft:killed":{"minecraft:witch":1,"minecraft:spider":7,"minecraft:skeleton":51,"minecraft:chicken":7,"minecraft:magma_cube":3,"minecraft:pig":15,"minecraft:zombie_villager":1,"minecraft:salmon":29,"minecraft:creeper":3,"minecraft:sheep":2,"minecraft:pillager":5,"minecraft:zombie":75,"minecraft:stray":4,"minecraft:cow":2,"minecraft:armadillo":1,"minecraft:llama":1,"minecraft:drowned":2,"minecraft:husk":3,"minecraft:rabbit":4,"minecraft:enderman":4},"minecraft:custom":{"minecraft:interact_with_crafting_table":48,"minecraft:open_barrel":19,"minecraft:leave_game":11,"minecraft:time_since_death":136181,"minecraft:sprint_one_cm":783419,"minecraft:damage_blocked_by_shield":10587,"minecraft:drop":115,"minecraft:play_noteblock":27,"minecraft:talked_to_villager":1,"minecraft:play_time":285206,"minecraft:deaths":12,"minecraft:jump":5461,"minecraft:interact_with_brewingstand":1,"minecraft:walk_on_water_one_cm":27168,"minecraft:interact_with_furnace":48,"minecraft:sleep_in_bed":4,"minecraft:damage_dealt":32029,"minecraft:crouch_one_cm":59161,"minecraft:inspect_dispenser":8,"minecraft:mob_kills":226,"minecraft:interact_with_campfire":9,"minecraft:climb_one_cm":4540,"minecraft:walk_one_cm":462936,"minecraft:sneak_time":19618,"minecraft:walk_under_water_one_cm":45202,"minecraft:boat_one_cm":692667,"minecraft:total_world_time":285206,"minecraft:tune_noteblock":15,"minecraft:interact_with_grindstone":1,"minecraft:time_since_rest":10198,"minecraft:damage_absorbed":40,"minecraft:damage_taken":9554,"minecraft:trigger_trapped_chest":1,"minecraft:swim_one_cm":126298,"minecraft:fly_one_cm":1107364,"minecraft:open_chest":123,"minecraft:fall_one_cm":171226}},"DataVersion":3955}