{"stats":{"minecraft:dropped":{"minecraft:iron_ingot":5,"minecraft:dark_oak_stairs":1,"minecraft:wheat_seeds":1,"minecraft:lapis_lazuli":64,"minecraft:glass_bottle":1,"minecraft:crafting_table":1,"minecraft:iron_helmet":1,"minecraft:cobblestone":1,"minecraft:spruce_stairs":7,"minecraft:rail":20,"minecraft:red_carpet":1,"minecraft:emerald":1,"minecraft:dirt":1,"minecraft:amethyst_shard":6,"minecraft:armadillo_scute":1,"minecraft:iron_pickaxe":1,"minecraft:chainmail_leggings":1,"minecraft:string":3,"minecraft:bone":10,"minecraft:dark_oak_door":1,"minecraft:furnace":1,"minecraft:moss_carpet":2,"minecraft:stone_axe":1,"minecraft:cobbled_deepslate":5,"minecraft:rotten_flesh":31,"minecraft:oak_planks":50,"minecraft:salmon":5,"minecraft:chainmail_chestplate":2,"minecraft:beetroot_seeds":5,"minecraft:melon_seeds":14,"minecraft:chest":1,"minecraft:chainmail_boots":2,"minecraft:oak_sapling":17,"minecraft:spider_eye":2,"minecraft:spruce_slab":8,"minecraft:bow":1,"minecraft:stone_pickaxe":2,"minecraft:wooden_pickaxe":1,"minecraft:magma_cream":1,"minecraft:stripped_spruce_wood":1,"minecraft:black_wool":1,"minecraft:brick":3},"minecraft:picked_up":{"minecraft:charcoal":4,"minecraft:crafting_table":22,"minecraft:wheat":9,"minecraft:chainmail_boots":2,"minecraft:chicken":7,"minecraft:flower_pot":2,"minecraft:diamond_sword":2,"minecraft:wooden_pickaxe":3,"minecraft:cooked_rabbit":1,"minecraft:enchanted_book":1,"minecraft:brick":3,"minecraft:shield":7,"minecraft:moss_carpet":4,"minecraft:dark_oak_trapdoor":4,"minecraft:string":16,"minecraft:iron_axe":5,"minecraft:item_frame":1,"minecraft:blackstone":195,"minecraft:beetroot":2,"minecraft:diamond_leggings":2,"minecraft:cobbled_deepslate":72,"minecraft:spruce_planks":110,"minecraft:beef":2,"minecraft:oak_boat":20,"minecraft:jungle_sapling":4,"minecraft:spruce_slab":24,"minecraft:iron_pickaxe":6,"minecraft:chest":1,"minecraft:furnace":9,"minecraft:egg":1,"minecraft:dark_oak_door":1,"minecraft:stick":152,"minecraft:raw_iron":231,"minecraft:raw_gold_block":6,"minecraft:oak_door":2,"minecraft:torch":74,"minecraft:acacia_log":1,"minecraft:green_bed":2,"minecraft:spruce_stairs":8,"minecraft:porkchop":29,"minecraft:trident":1,"minecraft:redstone":10,"minecraft:iron_horse_armor":1,"minecraft:tnt":9,"minecraft:cactus":2,"minecraft:arrow":96,"minecraft:diamond_chestplate":3,"minecraft:rotten_flesh":89,"minecraft:beetroot_seeds":7,"minecraft:diamond_boots":3,"minecraft:hay_block":5,"minecraft:iron_block":1,"minecraft:armadillo_scute":3,"minecraft:stripped_dark_oak_wood":1,"minecraft:black_banner":2,"minecraft:saddle":1,"minecraft:gold_ingot":15,"minecraft:glow_berries":18,"minecraft:mutton":4,"minecraft:rail":20,"minecraft:white_wool":20,"minecraft:cobblestone":39,"minecraft:feather":11,"minecraft:magma_cream":1,"minecraft:salmon":5,"minecraft:jungle_log":29,"minecraft:black_bed":1,"minecraft:stripped_spruce_wood":2,"minecraft:tuff":10,"minecraft:smooth_sandstone_stairs":8,"minecraft:oak_log":228,"minecraft:chainmail_chestplate":2,"minecraft:gunpowder":23,"minecraft:lapis_lazuli":526,"minecraft:dirt":1,"minecraft:name_tag":2,"minecraft:red_carpet":2,"minecraft:cooked_mutton":4,"minecraft:smooth_sandstone":16,"minecraft:bone":144,"minecraft:apple":2,"minecraft:bow":3,"minecraft:wheat_seeds":19,"minecraft:raw_gold":74,"minecraft:cyan_candle":4,"minecraft:iron_ingot":31,"minecraft:stone_pickaxe":5,"minecraft:cooked_chicken":3,"minecraft:diamond_helmet":2,"minecraft:rabbit":2,"minecraft:glass_bottle":3,"minecraft:oak_planks":311,"minecraft:acacia_sapling":1,"minecraft:dark_oak_stairs":1,"minecraft:book":9,"minecraft:emerald_block":3,"minecraft:smooth_basalt":12,"minecraft:dark_oak_slab":8,"minecraft:cooked_porkchop":53,"minecraft:raw_iron_block":8,"minecraft:sand":42,"minecraft:amethyst_shard":6,"minecraft:red_banner":1,"minecraft:spider_eye":2,"minecraft:diamond":178,"minecraft:stone_axe":1,"minecraft:chainmail_leggings":1,"minecraft:iron_helmet":4,"minecraft:diamond_axe":2,"minecraft:granite":17,"minecraft:golden_apple":1,"minecraft:emerald":1,"minecraft:bread":28,"minecraft:dark_oak_wood":6,"minecraft:light_gray_carpet":3,"minecraft:melon_seeds":20,"minecraft:black_wool":4,"minecraft:oak_sapling":146,"minecraft:coal":143,"minecraft:ender_pearl":16,"minecraft:diamond_pickaxe":5},"minecraft:custom":{"minecraft:mob_kills":103,"minecraft:interact_with_crafting_table":34,"minecraft:open_barrel":18,"minecraft:interact_with_campfire":9,"minecraft:leave_game":9,"minecraft:time_since_death":29466,"minecraft:climb_one_cm":843,"minecraft:sprint_one_cm":438908,"minecraft:walk_one_cm":255025,"minecraft:damage_blocked_by_shield":6406,"minecraft:drop":58,"minecraft:talked_to_villager":1,"minecraft:play_time":178491,"minecraft:sneak_time":13010,"minecraft:deaths":12,"minecraft:walk_under_water_one_cm":19119,"minecraft:boat_one_cm":457532,"minecraft:jump":3635,"minecraft:walk_on_water_one_cm":10188,"minecraft:total_world_time":178491,"minecraft:interact_with_furnace":28,"minecraft:interact_with_grindstone":1,"minecraft:sleep_in_bed":1,"minecraft:time_since_rest":29500,"minecraft:damage_taken":6775,"minecraft:damage_absorbed":40,"minecraft:damage_dealt":17171,"minecraft:swim_one_cm":52010,"minecraft:fly_one_cm":768416,"minecraft:open_chest":36,"minecraft:crouch_one_cm":41108,"minecraft:fall_one_cm":132309,"minecraft:inspect_dispenser":7},"minecraft:broken":{"minecraft:shield":2,"minecraft:iron_axe":1,"minecraft:wooden_axe":1},"minecraft:crafted":{"minecraft:oak_planks":36,"minecraft:cooked_chicken":3,"minecraft:furnace":1,"minecraft:diamond_helmet":1,"minecraft:diamond_leggings":2,"minecraft:iron_axe":1,"minecraft:stone_pickaxe":1,"minecraft:chest":1,"minecraft:diamond_boots":1,"minecraft:raw_iron_block":5,"minecraft:wheat":45,"minecraft:cooked_beef":2,"minecraft:diamond_sword":1,"minecraft:cooked_porkchop":24,"minecraft:diamond_axe":1,"minecraft:crafting_table":2,"minecraft:wooden_pickaxe":1,"minecraft:iron_helmet":1,"minecraft:campfire":2,"minecraft:stone_axe":1,"minecraft:bread":17,"minecraft:air":0,"minecraft:jungle_planks":72,"minecraft:oak_boat":1,"minecraft:diamond_pickaxe":1,"minecraft:charcoal":3,"minecraft:shield":2,"minecraft:stick":68,"minecraft:iron_ingot":22,"minecraft:iron_pickaxe":1,"minecraft:wooden_axe":2,"minecraft:black_bed":1,"minecraft:acacia_planks":4,"minecraft:torch":132,"minecraft:diamond_chestplate":1},"minecraft:killed":{"minecraft:armadillo":1,"minecraft:witch":1,"minecraft:spider":7,"minecraft:skeleton":19,"minecraft:chicken":7,"minecraft:magma_cube":3,"minecraft:husk":2,"minecraft:pig":14,"minecraft:zombie_villager":1,"minecraft:creeper":1,"minecraft:sheep":2,"minecraft:zombie":32,"minecraft:stray":4,"minecraft:enderman":4,"minecraft:cow":1},"minecraft:mined":{"minecraft:tuff":7,"minecraft:spruce_planks":1,"minecraft:deepslate_diamond_ore":62,"minecraft:candle":1,"minecraft:granite":3,"minecraft:acacia_log":1,"minecraft:jungle_log":32,"minecraft:spawner":5,"minecraft:hay_block":3,"minecraft:raw_iron_block":8,"minecraft:raw_gold_block":6,"minecraft:furnace":2,"minecraft:dark_oak_trapdoor":1,"minecraft:iron_ore":10,"minecraft:fire":30,"minecraft:moss_carpet":1,"minecraft:deepslate_lapis_ore":5,"minecraft:vine":1,"minecraft:deepslate_iron_ore":52,"minecraft:stone":21,"minecraft:iron_block":1,"minecraft:green_bed":2,"minecraft:acacia_leaves":3,"minecraft:blackstone":74,"minecraft:crafting_table":11,"minecraft:torch":5,"minecraft:short_grass":15,"minecraft:dead_bush":15,"minecraft:campfire":2,"minecraft:cobblestone":6,"minecraft:tall_grass":17,"minecraft:deepslate_gold_ore":20,"minecraft:lapis_ore":8,"minecraft:oak_planks":2,"minecraft:wall_torch":2,"minecraft:stripped_spruce_wood":1,"minecraft:wheat":8,"minecraft:black_bed":1,"minecraft:tnt":8,"minecraft:black_wool":4,"minecraft:oak_log":42,"minecraft:coal_ore":67,"minecraft:beetroots":2,"minecraft:emerald_block":2,"minecraft:deepslate":16,"minecraft:oak_leaves":6,"minecraft:fern":2},"minecraft:killed_by":{"minecraft:stray":1,"minecraft:creeper":4,"minecraft:enderman":1,"minecraft:skeleton":2,"minecraft:zombie":2},"minecraft:used":{"minecraft:beetroot":2,"minecraft:moss_carpet":2,"minecraft:chest":1,"minecraft:shield":94,"minecraft:cooked_chicken":3,"minecraft:rotten_flesh":11,"minecraft:oak_door":1,"minecraft:torch":143,"minecraft:acacia_sapling":1,"minecraft:tuff":7,"minecraft:granite":10,"minecraft:wooden_axe":84,"minecraft:iron_axe":160,"minecraft:dark_oak_wood":6,"minecraft:smooth_basalt":6,"minecraft:red_carpet":1,"minecraft:furnace":3,"minecraft:beetroot_seeds":2,"minecraft:egg":1,"minecraft:cooked_beef":2,"minecraft:cobbled_deepslate":19,"minecraft:stripped_spruce_wood":1,"minecraft:wheat_seeds":7,"minecraft:cooked_mutton":1,"minecraft:cyan_candle":4,"minecraft:stone_pickaxe":77,"minecraft:oak_planks":12,"minecraft:blackstone":30,"minecraft:wooden_pickaxe":4,"minecraft:green_bed":1,"minecraft:diamond_axe":56,"minecraft:golden_apple":1,"minecraft:dark_oak_trapdoor":2,"minecraft:sand":3,"minecraft:crafting_table":12,"minecraft:tnt":9,"minecraft:black_bed":1,"minecraft:campfire":2,"minecraft:flower_pot":1,"minecraft:diamond_pickaxe":302,"minecraft:apple":1,"minecraft:bread":26,"minecraft:iron_pickaxe":7,"minecraft:stone_axe":6,"minecraft:fire_charge":1,"minecraft:diamond_sword":56,"minecraft:cobblestone":16,"minecraft:cooked_porkchop":22,"minecraft:red_banner":1,"minecraft:oak_boat":18,"minecraft:diamond_leggings":1}},"DataVersion":3955}