{"stats":{"minecraft:killed_by":{"minecraft:wither_skeleton":11,"minecraft:creeper":4,"minecraft:zombie":2,"minecraft:stray":1,"minecraft:enderman":1,"minecraft:skeleton":2,"minecraft:phantom":1},"minecraft:broken":{"minecraft:diamond_helmet":1,"minecraft:wooden_axe":1,"minecraft:shield":5,"minecraft:iron_axe":1},"minecraft:used":{"minecraft:beetroot":2,"minecraft:moss_carpet":2,"minecraft:chest":4,"minecraft:shield":188,"minecraft:rotten_flesh":11,"minecraft:acacia_sapling":1,"minecraft:tuff":7,"minecraft:spruce_boat":1,"minecraft:lava_bucket":9,"minecraft:dark_oak_wood":6,"minecraft:netherite_boots":1,"minecraft:red_carpet":1,"minecraft:bow":17,"minecraft:written_book":2,"minecraft:scaffolding":19,"minecraft:furnace":3,"minecraft:beetroot_seeds":2,"minecraft:egg":1,"minecraft:stripped_spruce_wood":1,"minecraft:diamond_boots":2,"minecraft:ender_pearl":1,"minecraft:stone_pickaxe":77,"minecraft:oak_planks":81,"minecraft:blackstone":30,"minecraft:wooden_pickaxe":4,"minecraft:sandstone":2,"minecraft:diamond_axe":183,"minecraft:golden_apple":4,"minecraft:dark_oak_trapdoor":2,"minecraft:sand":3,"minecraft:black_bed":3,"minecraft:zombie_head":2,"minecraft:bread":93,"minecraft:diamond_sword":831,"minecraft:fire_charge":4,"minecraft:oak_boat":21,"minecraft:experience_bottle":18,"minecraft:stripped_acacia_wood":1,"minecraft:trident":1,"minecraft:redstone":3,"minecraft:spruce_planks":159,"minecraft:cooked_salmon":23,"minecraft:cooked_chicken":3,"minecraft:oak_door":1,"minecraft:orange_bed":1,"minecraft:torch":238,"minecraft:dirt":8,"minecraft:diamond_helmet":1,"minecraft:granite":10,"minecraft:wooden_axe":84,"minecraft:iron_axe":160,"minecraft:smooth_basalt":6,"minecraft:diamond_chestplate":4,"minecraft:goat_horn":12,"minecraft:cooked_beef":4,"minecraft:acacia_planks":5,"minecraft:cobbled_deepslate":19,"minecraft:enchanted_golden_apple":1,"minecraft:cooked_mutton":1,"minecraft:wheat_seeds":7,"minecraft:water_bucket":20,"minecraft:cyan_candle":4,"minecraft:green_bed":1,"minecraft:tnt":9,"minecraft:crafting_table":24,"minecraft:campfire":2,"minecraft:dark_prismarine":1,"minecraft:flower_pot":1,"minecraft:diamond_pickaxe":371,"minecraft:apple":5,"minecraft:iron_pickaxe":7,"minecraft:stone_axe":6,"minecraft:cobblestone":17,"minecraft:cooked_porkchop":22,"minecraft:red_banner":1,"minecraft:bucket":31,"minecraft:diamond_leggings":4},"minecraft:dropped":{"minecraft:iron_sword":1,"minecraft:porkchop":54,"minecraft:dark_oak_stairs":1,"minecraft:diamond_axe":2,"minecraft:lapis_lazuli":64,"minecraft:glass_bottle":1,"minecraft:diamond":44,"minecraft:crafting_table":2,"minecraft:cooked_porkchop":7,"minecraft:crossbow":1,"minecraft:leather":2,"minecraft:iron_horse_armor":1,"minecraft:saddle":2,"minecraft:rail":20,"minecraft:red_carpet":1,"minecraft:emerald":1,"minecraft:gold_block":4,"minecraft:dirt":4,"minecraft:stone_button":16,"minecraft:netherite_boots":1,"minecraft:amethyst_shard":6,"minecraft:phantom_membrane":2,"minecraft:sand":2,"minecraft:iron_pickaxe":2,"minecraft:dark_oak_planks":2,"minecraft:gold_ingot":54,"minecraft:bone":11,"minecraft:dark_oak_door":1,"minecraft:stone_axe":1,"minecraft:golden_chestplate":3,"minecraft:cobbled_deepslate":5,"minecraft:rotten_flesh":33,"minecraft:oak_planks":54,"minecraft:salmon":5,"minecraft:chainmail_chestplate":2,"minecraft:beetroot_seeds":5,"minecraft:melon_seeds":14,"minecraft:chest":1,"minecraft:chainmail_boots":2,"minecraft:leather_leggings":1,"minecraft:spruce_slab":8,"minecraft:arrow":27,"minecraft:beef":2,"minecraft:lectern":1,"minecraft:bread":17,"minecraft:enchanted_book":1,"minecraft:iron_ingot":8,"minecraft:wheat_seeds":2,"minecraft:iron_helmet":7,"minecraft:cobblestone":2,"minecraft:book":4,"minecraft:spruce_stairs":7,"minecraft:stick":24,"minecraft:diamond_horse_armor":1,"minecraft:golden_carrot":6,"minecraft:torch":15,"minecraft:rabbit":2,"minecraft:diamond_helmet":1,"minecraft:cooked_salmon":6,"minecraft:iron_leggings":6,"minecraft:armadillo_scute":1,"minecraft:chainmail_leggings":2,"minecraft:string":3,"minecraft:spruce_sapling":6,"minecraft:chiseled_sandstone":1,"minecraft:furnace":1,"minecraft:moss_carpet":2,"minecraft:stone_sword":1,"minecraft:light_gray_wool":1,"minecraft:iron_boots":7,"minecraft:diamond_sword":4,"minecraft:shroomlight":1,"minecraft:flower_pot":1,"minecraft:diamond_chestplate":1,"minecraft:spruce_planks":121,"minecraft:iron_chestplate":1,"minecraft:oak_boat":1,"minecraft:oak_sapling":17,"minecraft:golden_sword":1,"minecraft:spider_eye":3,"minecraft:diamond_boots":1,"minecraft:sandstone":1,"minecraft:bow":2,"minecraft:stone_pickaxe":2,"minecraft:wooden_pickaxe":1,"minecraft:stripped_spruce_wood":1,"minecraft:magma_cream":1,"minecraft:black_wool":1,"minecraft:brick":3},"minecraft:crafted":{"minecraft:oak_planks":132,"minecraft:cooked_chicken":3,"minecraft:diamond_helmet":1,"minecraft:diamond_leggings":2,"minecraft:iron_boots":1,"minecraft:chest":4,"minecraft:raw_iron_block":5,"minecraft:emerald":27,"minecraft:cooked_porkchop":24,"minecraft:diamond_axe":1,"minecraft:crafting_table":6,"minecraft:spruce_planks":80,"minecraft:wooden_pickaxe":1,"minecraft:iron_helmet":2,"minecraft:campfire":2,"minecraft:diamond_pickaxe":1,"minecraft:charcoal":3,"minecraft:shield":5,"minecraft:stick":68,"minecraft:iron_ingot":22,"minecraft:iron_pickaxe":1,"minecraft:black_bed":1,"minecraft:furnace":1,"minecraft:iron_axe":1,"minecraft:stone_pickaxe":1,"minecraft:diamond_boots":1,"minecraft:spruce_boat":1,"minecraft:wheat":117,"minecraft:cooked_beef":4,"minecraft:diamond_sword":1,"minecraft:cooked_salmon":29,"minecraft:bucket":1,"minecraft:stone_axe":1,"minecraft:bread":41,"minecraft:air":0,"minecraft:jungle_planks":72,"minecraft:oak_boat":2,"minecraft:wooden_axe":2,"minecraft:iron_leggings":1,"minecraft:acacia_planks":4,"minecraft:torch":196,"minecraft:diamond_chestplate":1},"minecraft:mined":{"minecraft:stone_pressure_plate":1,"minecraft:spruce_planks":22,"minecraft:obsidian":1,"minecraft:granite":3,"minecraft:acacia_log":1,"minecraft:grass_block":6,"minecraft:jungle_log":32,"minecraft:spawner":29,"minecraft:raw_iron_block":8,"minecraft:dark_oak_trapdoor":1,"minecraft:iron_ore":10,"minecraft:fire":36,"minecraft:moss_carpet":1,"minecraft:deepslate_lapis_ore":5,"minecraft:spruce_wood":1,"minecraft:iron_block":1,"minecraft:green_bed":2,"minecraft:orange_bed":1,"minecraft:blackstone":74,"minecraft:orange_terracotta":1,"minecraft:torch":7,"minecraft:dead_bush":16,"minecraft:cobblestone":9,"minecraft:oak_planks":2,"minecraft:wall_torch":3,"minecraft:skeleton_skull":1,"minecraft:wheat":8,"minecraft:black_bed":2,"minecraft:tnt":8,"minecraft:potted_poppy":1,"minecraft:smooth_stone_slab":5,"minecraft:oak_log":42,"minecraft:beetroots":2,"minecraft:sand":3,"minecraft:dirt":9,"minecraft:oak_leaves":6,"minecraft:deepslate":16,"minecraft:emerald_block":2,"minecraft:dark_prismarine":2,"minecraft:tuff":7,"minecraft:deepslate_diamond_ore":62,"minecraft:candle":1,"minecraft:redstone_wire":3,"minecraft:sandstone":5,"minecraft:hay_block":49,"minecraft:furnace":2,"minecraft:raw_gold_block":6,"minecraft:chiseled_sandstone":4,"minecraft:acacia_wood":3,"minecraft:gold_block":8,"minecraft:deepslate_iron_ore":52,"minecraft:vine":1,"minecraft:stone":27,"minecraft:acacia_leaves":3,"minecraft:scaffolding":12,"minecraft:crafting_table":18,"minecraft:short_grass":20,"minecraft:campfire":2,"minecraft:tall_grass":18,"minecraft:lapis_ore":8,"minecraft:deepslate_gold_ore":20,"minecraft:stripped_spruce_wood":1,"minecraft:spruce_log":103,"minecraft:black_wool":4,"minecraft:coal_ore":67,"minecraft:acacia_planks":1,"minecraft:iron_trapdoor":1,"minecraft:fern":2},"minecraft:picked_up":{"minecraft:iron_chestplate":2,"minecraft:wheat":9,"minecraft:chainmail_boots":2,"minecraft:flower_pot":3,"minecraft:diamond_sword":12,"minecraft:wither_rose":12,"minecraft:enchanted_book":8,"minecraft:golden_sword":1,"minecraft:string":16,"minecraft:dark_oak_trapdoor":4,"minecraft:iron_leggings":5,"minecraft:experience_bottle":13,"minecraft:zombie_head":2,"minecraft:shroomlight":1,"minecraft:beetroot":2,"minecraft:diamond_leggings":8,"minecraft:cobbled_deepslate":72,"minecraft:bucket":3,"minecraft:spruce_planks":759,"minecraft:iron_pickaxe":7,"minecraft:enchanted_golden_apple":1,"minecraft:iron_boots":6,"minecraft:furnace":9,"minecraft:dark_oak_door":1,"minecraft:stick":270,"minecraft:torch":203,"minecraft:acacia_log":1,"minecraft:green_bed":2,"minecraft:spruce_stairs":8,"minecraft:porkchop":131,"minecraft:golden_chestplate":3,"minecraft:goat_horn":4,"minecraft:orange_bed":1,"minecraft:stone_sword":2,"minecraft:cactus":2,"minecraft:rotten_flesh":138,"minecraft:armadillo_scute":3,"minecraft:iron_block":1,"minecraft:obsidian":1,"minecraft:cobblestone":43,"minecraft:feather":11,"minecraft:magma_cream":1,"minecraft:water_bucket":6,"minecraft:jungle_log":29,"minecraft:black_bed":2,"minecraft:potato":10,"minecraft:smooth_sandstone_stairs":8,"minecraft:tuff":10,"minecraft:stripped_spruce_wood":2,"minecraft:wither_skeleton_skull":3,"minecraft:lapis_lazuli":526,"minecraft:dirt":16,"minecraft:cut_sandstone_slab":4,"minecraft:name_tag":2,"minecraft:bone":631,"minecraft:acacia_planks":11,"minecraft:bow":10,"minecraft:wheat_seeds":22,"minecraft:raw_gold":74,"minecraft:diamond_helmet":6,"minecraft:cyan_candle":4,"minecraft:rabbit":6,"minecraft:oak_planks":311,"minecraft:cooked_porkchop":62,"minecraft:stripped_acacia_wood":3,"minecraft:sand":44,"minecraft:chiseled_sandstone":1,"minecraft:dark_prismarine":2,"minecraft:diamond":207,"minecraft:crossbow":1,"minecraft:granite":17,"minecraft:golden_apple":3,"minecraft:bread":152,"minecraft:emerald":1,"minecraft:oak_sapling":146,"minecraft:light_gray_carpet":3,"minecraft:diamond_pickaxe":12,"minecraft:charcoal":4,"minecraft:crafting_table":30,"minecraft:chicken":7,"minecraft:nether_wart":7,"minecraft:leather_leggings":1,"minecraft:wooden_pickaxe":3,"minecraft:cooked_rabbit":1,"minecraft:gold_block":12,"minecraft:diamond_horse_armor":1,"minecraft:shield":11,"minecraft:brick":3,"minecraft:moss_carpet":4,"minecraft:iron_axe":5,"minecraft:flint_and_steel":2,"minecraft:netherite_scrap":6,"minecraft:item_frame":1,"minecraft:blackstone":195,"minecraft:netherite_sword":1,"minecraft:beef":11,"minecraft:oak_boat":24,"minecraft:player_head":2,"minecraft:jungle_sapling":4,"minecraft:light_gray_wool":1,"minecraft:spruce_slab":24,"minecraft:lectern":1,"minecraft:chest":1,"minecraft:phantom_membrane":10,"minecraft:egg":1,"minecraft:raw_iron":231,"minecraft:sandstone":3,"minecraft:raw_gold_block":6,"minecraft:oak_door":2,"minecraft:stone_button":24,"minecraft:trident":1,"minecraft:carrot":30,"minecraft:redstone":45,"minecraft:stone_pressure_plate":1,"minecraft:iron_horse_armor":2,"minecraft:dark_oak_planks":2,"minecraft:tnt":9,"minecraft:diamond_chestplate":11,"minecraft:arrow":244,"minecraft:stone_shovel":4,"minecraft:beetroot_seeds":7,"minecraft:diamond_boots":5,"minecraft:hay_block":50,"minecraft:stripped_dark_oak_wood":1,"minecraft:black_banner":2,"minecraft:saddle":4,"minecraft:gold_ingot":136,"minecraft:mutton":4,"minecraft:glow_berries":18,"minecraft:rail":20,"minecraft:skeleton_skull":1,"minecraft:white_wool":20,"minecraft:netherite_boots":7,"minecraft:golden_carrot":6,"minecraft:salmon":34,"minecraft:leather":6,"minecraft:acacia_wood":3,"minecraft:oak_log":228,"minecraft:chainmail_chestplate":2,"minecraft:gunpowder":27,"minecraft:orange_terracotta":1,"minecraft:cooked_mutton":4,"minecraft:smooth_sandstone":16,"minecraft:red_carpet":2,"minecraft:apple":16,"minecraft:rabbit_hide":1,"minecraft:spruce_wood":1,"minecraft:iron_ingot":31,"minecraft:stone_pickaxe":5,"minecraft:cooked_chicken":3,"minecraft:glass_bottle":3,"minecraft:iron_sword":2,"minecraft:acacia_sapling":1,"minecraft:dark_oak_stairs":1,"minecraft:book":34,"minecraft:scaffolding":19,"minecraft:dark_oak_slab":8,"minecraft:smooth_basalt":12,"minecraft:emerald_block":3,"minecraft:raw_iron_block":8,"minecraft:amethyst_shard":6,"minecraft:red_banner":1,"minecraft:spruce_sapling":6,"minecraft:spruce_log":338,"minecraft:spider_eye":5,"minecraft:slime_ball":6,"minecraft:stone_axe":2,"minecraft:chainmail_leggings":2,"minecraft:iron_helmet":9,"minecraft:diamond_axe":4,"minecraft:melon_seeds":20,"minecraft:black_wool":4,"minecraft:dark_oak_wood":6,"minecraft:coal":169,"minecraft:ender_pearl":34},"minecraft:killed":{"minecraft:witch":1,"minecraft:spider":8,"minecraft:skeleton":52,"minecraft:chicken":7,"minecraft:magma_cube":3,"minecraft:pig":15,"minecraft:zombie_villager":1,"minecraft:salmon":29,"minecraft:iron_golem":1,"minecraft:creeper":3,"minecraft:sheep":2,"minecraft:pillager":5,"minecraft:zombie":75,"minecraft:stray":4,"minecraft:cow":2,"minecraft:armadillo":1,"minecraft:slime":8,"minecraft:phantom":5,"minecraft:llama":1,"minecraft:drowned":2,"minecraft:husk":4,"minecraft:rabbit":4,"minecraft:hoglin":9,"minecraft:wither_skeleton":54,"minecraft:player":1,"minecraft:enderman":4},"minecraft:custom":{"minecraft:interact_with_crafting_table":57,"minecraft:open_barrel":19,"minecraft:leave_game":13,"minecraft:time_since_death":24408,"minecraft:damage_resisted":117,"minecraft:sprint_one_cm":939663,"minecraft:damage_blocked_by_shield":11002,"minecraft:drop":178,"minecraft:play_noteblock":27,"minecraft:talked_to_villager":1,"minecraft:play_time":357014,"minecraft:deaths":24,"minecraft:jump":7056,"minecraft:interact_with_brewingstand":1,"minecraft:walk_on_water_one_cm":57341,"minecraft:interact_with_furnace":53,"minecraft:sleep_in_bed":4,"minecraft:damage_dealt":58460,"minecraft:player_kills":4,"minecraft:crouch_one_cm":83339,"minecraft:interact_with_smoker":2,"minecraft:inspect_dispenser":8,"minecraft:mob_kills":307,"minecraft:interact_with_campfire":9,"minecraft:climb_one_cm":4540,"minecraft:walk_one_cm":568727,"minecraft:sneak_time":29720,"minecraft:walk_under_water_one_cm":58433,"minecraft:boat_one_cm":739286,"minecraft:total_world_time":357014,"minecraft:tune_noteblock":15,"minecraft:interact_with_grindstone":1,"minecraft:time_since_rest":24435,"minecraft:damage_absorbed":280,"minecraft:damage_taken":14417,"minecraft:trigger_trapped_chest":1,"minecraft:swim_one_cm":181328,"minecraft:fly_one_cm":1304476,"minecraft:open_chest":152,"minecraft:fall_one_cm":210906}},"DataVersion":3955}