{"stats":{"minecraft:dropped":{"minecraft:iron_ingot":5,"minecraft:glass_bottle":1,"minecraft:crafting_table":1,"minecraft:bone":5,"minecraft:stone_axe":1,"minecraft:rotten_flesh":2,"minecraft:oak_planks":50,"minecraft:beetroot_seeds":5,"minecraft:stone_pickaxe":2},"minecraft:picked_up":{"minecraft:charcoal":4,"minecraft:crafting_table":7,"minecraft:wheat":9,"minecraft:chicken":7,"minecraft:flower_pot":1,"minecraft:wooden_pickaxe":2,"minecraft:cooked_rabbit":1,"minecraft:shield":3,"minecraft:string":12,"minecraft:iron_axe":2,"minecraft:blackstone":9,"minecraft:beetroot":2,"minecraft:beef":2,"minecraft:oak_boat":5,"minecraft:jungle_sapling":4,"minecraft:iron_pickaxe":1,"minecraft:furnace":4,"minecraft:egg":1,"minecraft:stick":78,"minecraft:raw_iron":23,"minecraft:acacia_log":1,"minecraft:torch":40,"minecraft:green_bed":1,"minecraft:porkchop":29,"minecraft:redstone":7,"minecraft:iron_horse_armor":1,"minecraft:tnt":9,"minecraft:rotten_flesh":42,"minecraft:cactus":2,"minecraft:arrow":13,"minecraft:beetroot_seeds":7,"minecraft:hay_block":5,"minecraft:armadillo_scute":2,"minecraft:saddle":1,"minecraft:gold_ingot":4,"minecraft:mutton":4,"minecraft:cobblestone":36,"minecraft:white_wool":10,"minecraft:feather":11,"minecraft:jungle_log":29,"minecraft:smooth_sandstone_stairs":8,"minecraft:oak_log":96,"minecraft:gunpowder":8,"minecraft:lapis_lazuli":62,"minecraft:dirt":1,"minecraft:cooked_mutton":4,"minecraft:smooth_sandstone":16,"minecraft:bone":76,"minecraft:apple":2,"minecraft:bow":1,"minecraft:wheat_seeds":19,"minecraft:iron_ingot":12,"minecraft:stone_pickaxe":5,"minecraft:cooked_chicken":3,"minecraft:rabbit":2,"minecraft:glass_bottle":3,"minecraft:acacia_sapling":1,"minecraft:oak_planks":257,"minecraft:cooked_porkchop":4,"minecraft:sand":41,"minecraft:diamond":10,"minecraft:stone_axe":1,"minecraft:iron_helmet":1,"minecraft:granite":17,"minecraft:golden_apple":1,"minecraft:bread":5,"minecraft:oak_sapling":95,"minecraft:coal":67,"minecraft:ender_pearl":3},"minecraft:custom":{"minecraft:mob_kills":42,"minecraft:interact_with_crafting_table":24,"minecraft:interact_with_campfire":9,"minecraft:leave_game":8,"minecraft:time_since_death":25837,"minecraft:climb_one_cm":206,"minecraft:sprint_one_cm":253425,"minecraft:walk_one_cm":148885,"minecraft:damage_blocked_by_shield":645,"minecraft:drop":11,"minecraft:talked_to_villager":1,"minecraft:play_time":107030,"minecraft:deaths":7,"minecraft:sneak_time":7406,"minecraft:walk_under_water_one_cm":309,"minecraft:boat_one_cm":1476,"minecraft:jump":2207,"minecraft:walk_on_water_one_cm":1407,"minecraft:total_world_time":107030,"minecraft:interact_with_furnace":28,"minecraft:interact_with_grindstone":1,"minecraft:sleep_in_bed":1,"minecraft:time_since_rest":25864,"minecraft:damage_taken":3222,"minecraft:damage_dealt":6228,"minecraft:swim_one_cm":4750,"minecraft:fly_one_cm":511383,"minecraft:open_chest":17,"minecraft:crouch_one_cm":26175,"minecraft:fall_one_cm":84831},"minecraft:broken":{"minecraft:wooden_axe":1},"minecraft:crafted":{"minecraft:oak_planks":20,"minecraft:cooked_chicken":3,"minecraft:furnace":1,"minecraft:iron_axe":1,"minecraft:stone_pickaxe":1,"minecraft:chest":1,"minecraft:wheat":45,"minecraft:cooked_beef":2,"minecraft:cooked_porkchop":24,"minecraft:crafting_table":2,"minecraft:wooden_pickaxe":1,"minecraft:iron_helmet":1,"minecraft:campfire":2,"minecraft:stone_axe":1,"minecraft:bread":17,"minecraft:air":0,"minecraft:jungle_planks":72,"minecraft:oak_boat":1,"minecraft:charcoal":3,"minecraft:diamond_pickaxe":1,"minecraft:stick":12,"minecraft:iron_ingot":13,"minecraft:iron_pickaxe":1,"minecraft:wooden_axe":2,"minecraft:acacia_planks":4,"minecraft:torch":68},"minecraft:mined":{"minecraft:deepslate_diamond_ore":4,"minecraft:granite":3,"minecraft:acacia_log":1,"minecraft:jungle_log":32,"minecraft:hay_block":3,"minecraft:furnace":2,"minecraft:iron_ore":10,"minecraft:fire":3,"minecraft:deepslate_iron_ore":11,"minecraft:vine":1,"minecraft:stone":21,"minecraft:green_bed":1,"minecraft:acacia_leaves":3,"minecraft:blackstone":9,"minecraft:crafting_table":6,"minecraft:torch":3,"minecraft:short_grass":15,"minecraft:dead_bush":15,"minecraft:campfire":2,"minecraft:cobblestone":6,"minecraft:tall_grass":17,"minecraft:lapis_ore":8,"minecraft:oak_planks":2,"minecraft:wall_torch":1,"minecraft:wheat":8,"minecraft:tnt":8,"minecraft:oak_log":42,"minecraft:coal_ore":67,"minecraft:beetroots":2,"minecraft:oak_leaves":6,"minecraft:fern":2},"minecraft:killed":{"minecraft:armadillo":1,"minecraft:witch":1,"minecraft:spider":2,"minecraft:skeleton":3,"minecraft:chicken":7,"minecraft:husk":2,"minecraft:pig":14,"minecraft:sheep":2,"minecraft:zombie":6,"minecraft:cow":1,"minecraft:enderman":3},"minecraft:killed_by":{"minecraft:creeper":1,"minecraft:enderman":1,"minecraft:skeleton":1,"minecraft:zombie":2},"minecraft:used":{"minecraft:beetroot":2,"minecraft:chest":1,"minecraft:shield":13,"minecraft:cooked_chicken":3,"minecraft:rotten_flesh":11,"minecraft:torch":39,"minecraft:acacia_sapling":1,"minecraft:granite":10,"minecraft:wooden_axe":84,"minecraft:iron_axe":104,"minecraft:furnace":3,"minecraft:beetroot_seeds":2,"minecraft:egg":1,"minecraft:cooked_beef":2,"minecraft:wheat_seeds":7,"minecraft:cooked_mutton":1,"minecraft:stone_pickaxe":77,"minecraft:oak_planks":12,"minecraft:wooden_pickaxe":4,"minecraft:sand":2,"minecraft:tnt":9,"minecraft:crafting_table":6,"minecraft:campfire":2,"minecraft:flower_pot":1,"minecraft:diamond_pickaxe":56,"minecraft:apple":1,"minecraft:bread":16,"minecraft:iron_pickaxe":7,"minecraft:stone_axe":6,"minecraft:cobblestone":16,"minecraft:cooked_porkchop":3,"minecraft:oak_boat":5}},"DataVersion":3955}