{"stats":{"minecraft:dropped":{"minecraft:iron_ingot":5,"minecraft:stone_axe":1,"minecraft:crafting_table":1,"minecraft:oak_planks":50,"minecraft:stone_pickaxe":1},"minecraft:picked_up":{"minecraft:charcoal":4,"minecraft:crafting_table":4,"minecraft:wheat":6,"minecraft:feather":11,"minecraft:chicken":7,"minecraft:flower_pot":1,"minecraft:jungle_log":19,"minecraft:wooden_pickaxe":2,"minecraft:cooked_rabbit":1,"minecraft:smooth_sandstone_stairs":8,"minecraft:oak_log":87,"minecraft:shield":3,"minecraft:gunpowder":8,"minecraft:string":10,"minecraft:lapis_lazuli":26,"minecraft:iron_axe":2,"minecraft:cooked_mutton":4,"minecraft:smooth_sandstone":16,"minecraft:bone":64,"minecraft:apple":2,"minecraft:bow":1,"minecraft:wheat_seeds":11,"minecraft:cooked_chicken":3,"minecraft:iron_ingot":12,"minecraft:stone_pickaxe":5,"minecraft:oak_boat":1,"minecraft:jungle_sapling":3,"minecraft:rabbit":2,"minecraft:iron_pickaxe":1,"minecraft:glass_bottle":3,"minecraft:oak_planks":257,"minecraft:egg":1,"minecraft:furnace":3,"minecraft:raw_iron":23,"minecraft:stick":71,"minecraft:cooked_porkchop":4,"minecraft:torch":38,"minecraft:porkchop":4,"minecraft:sand":41,"minecraft:redstone":7,"minecraft:iron_horse_armor":1,"minecraft:tnt":9,"minecraft:arrow":9,"minecraft:cactus":2,"minecraft:rotten_flesh":39,"minecraft:diamond":6,"minecraft:stone_axe":1,"minecraft:iron_helmet":1,"minecraft:hay_block":5,"minecraft:armadillo_scute":2,"minecraft:granite":16,"minecraft:golden_apple":1,"minecraft:bread":5,"minecraft:saddle":1,"minecraft:gold_ingot":4,"minecraft:oak_sapling":84,"minecraft:mutton":4,"minecraft:coal":39,"minecraft:white_wool":10,"minecraft:cobblestone":32,"minecraft:ender_pearl":2},"minecraft:custom":{"minecraft:interact_with_furnace":20,"minecraft:mob_kills":20,"minecraft:interact_with_crafting_table":21,"minecraft:interact_with_campfire":9,"minecraft:interact_with_grindstone":1,"minecraft:leave_game":6,"minecraft:time_since_death":4261,"minecraft:sleep_in_bed":1,"minecraft:time_since_rest":4288,"minecraft:sprint_one_cm":196128,"minecraft:damage_taken":2780,"minecraft:walk_one_cm":110871,"minecraft:damage_blocked_by_shield":135,"minecraft:drop":6,"minecraft:damage_dealt":2911,"minecraft:talked_to_villager":1,"minecraft:swim_one_cm":842,"minecraft:fly_one_cm":413821,"minecraft:open_chest":17,"minecraft:crouch_one_cm":22510,"minecraft:play_time":85454,"minecraft:deaths":7,"minecraft:sneak_time":6479,"minecraft:walk_under_water_one_cm":220,"minecraft:boat_one_cm":57,"minecraft:jump":1669,"minecraft:walk_on_water_one_cm":139,"minecraft:total_world_time":85454,"minecraft:fall_one_cm":65160},"minecraft:broken":{"minecraft:wooden_axe":1},"minecraft:crafted":{"minecraft:oak_planks":20,"minecraft:cooked_porkchop":1,"minecraft:crafting_table":1,"minecraft:wooden_pickaxe":1,"minecraft:cooked_chicken":3,"minecraft:iron_helmet":1,"minecraft:furnace":1,"minecraft:campfire":2,"minecraft:stone_axe":1,"minecraft:bread":16,"minecraft:air":0,"minecraft:jungle_planks":72,"minecraft:oak_boat":1,"minecraft:iron_axe":1,"minecraft:stick":4,"minecraft:iron_ingot":13,"minecraft:iron_pickaxe":1,"minecraft:stone_pickaxe":1,"minecraft:wooden_axe":2,"minecraft:chest":1,"minecraft:torch":16,"minecraft:wheat":45},"minecraft:mined":{"minecraft:crafting_table":3,"minecraft:torch":1,"minecraft:granite":2,"minecraft:short_grass":10,"minecraft:jungle_log":20,"minecraft:dead_bush":15,"minecraft:campfire":2,"minecraft:tall_grass":10,"minecraft:cobblestone":6,"minecraft:lapis_ore":2,"minecraft:oak_planks":2,"minecraft:wall_torch":1,"minecraft:hay_block":3,"minecraft:furnace":1,"minecraft:iron_ore":10,"minecraft:wheat":5,"minecraft:fire":3,"minecraft:tnt":8,"minecraft:oak_log":33,"minecraft:coal_ore":39,"minecraft:deepslate_iron_ore":11,"minecraft:stone":17,"minecraft:oak_leaves":3,"minecraft:fern":2},"minecraft:killed":{"minecraft:armadillo":1,"minecraft:pig":2,"minecraft:witch":1,"minecraft:spider":1,"minecraft:sheep":2,"minecraft:skeleton":1,"minecraft:zombie":4,"minecraft:chicken":7,"minecraft:enderman":1},"minecraft:killed_by":{"minecraft:skeleton":1,"minecraft:creeper":1,"minecraft:zombie":2,"minecraft:enderman":1},"minecraft:used":{"minecraft:cooked_mutton":1,"minecraft:stone_pickaxe":77,"minecraft:oak_planks":10,"minecraft:shield":2,"minecraft:chest":1,"minecraft:wooden_pickaxe":4,"minecraft:rotten_flesh":5,"minecraft:cooked_chicken":3,"minecraft:torch":18,"minecraft:sand":2,"minecraft:crafting_table":4,"minecraft:tnt":9,"minecraft:campfire":2,"minecraft:granite":9,"minecraft:wooden_axe":84,"minecraft:flower_pot":1,"minecraft:apple":1,"minecraft:bread":15,"minecraft:iron_axe":15,"minecraft:iron_pickaxe":7,"minecraft:stone_axe":6,"minecraft:cobblestone":13,"minecraft:furnace":2,"minecraft:egg":1,"minecraft:oak_boat":2}},"DataVersion":3955}