{"stats":{"minecraft:dropped":{"minecraft:iron_ingot":5,"minecraft:wheat_seeds":1,"minecraft:glass_bottle":1,"minecraft:crafting_table":1,"minecraft:iron_helmet":1,"minecraft:cobblestone":1,"minecraft:dirt":1,"minecraft:armadillo_scute":1,"minecraft:string":2,"minecraft:bone":5,"minecraft:stone_axe":1,"minecraft:rotten_flesh":16,"minecraft:oak_planks":50,"minecraft:beetroot_seeds":5,"minecraft:oak_sapling":17,"minecraft:bow":1,"minecraft:stone_pickaxe":2},"minecraft:picked_up":{"minecraft:charcoal":4,"minecraft:crafting_table":16,"minecraft:wheat":9,"minecraft:chicken":7,"minecraft:flower_pot":1,"minecraft:wooden_pickaxe":2,"minecraft:cooked_rabbit":1,"minecraft:shield":6,"minecraft:string":14,"minecraft:iron_axe":5,"minecraft:blackstone":71,"minecraft:beetroot":2,"minecraft:diamond_leggings":1,"minecraft:cobbled_deepslate":32,"minecraft:beef":2,"minecraft:oak_boat":10,"minecraft:jungle_sapling":4,"minecraft:iron_pickaxe":4,"minecraft:furnace":7,"minecraft:egg":1,"minecraft:stick":78,"minecraft:raw_iron":138,"minecraft:acacia_log":1,"minecraft:torch":69,"minecraft:green_bed":2,"minecraft:porkchop":29,"minecraft:redstone":7,"minecraft:iron_horse_armor":1,"minecraft:tnt":9,"minecraft:diamond_chestplate":1,"minecraft:rotten_flesh":63,"minecraft:cactus":2,"minecraft:arrow":45,"minecraft:beetroot_seeds":7,"minecraft:diamond_boots":1,"minecraft:hay_block":5,"minecraft:armadillo_scute":3,"minecraft:saddle":1,"minecraft:gold_ingot":4,"minecraft:mutton":4,"minecraft:cobblestone":39,"minecraft:white_wool":16,"minecraft:feather":11,"minecraft:jungle_log":29,"minecraft:tuff":9,"minecraft:smooth_sandstone_stairs":8,"minecraft:oak_log":180,"minecraft:gunpowder":16,"minecraft:lapis_lazuli":321,"minecraft:dirt":1,"minecraft:cooked_mutton":4,"minecraft:smooth_sandstone":16,"minecraft:bone":117,"minecraft:apple":2,"minecraft:bow":3,"minecraft:wheat_seeds":19,"minecraft:raw_gold":22,"minecraft:iron_ingot":20,"minecraft:stone_pickaxe":5,"minecraft:cooked_chicken":3,"minecraft:rabbit":2,"minecraft:glass_bottle":3,"minecraft:acacia_sapling":1,"minecraft:oak_planks":311,"minecraft:smooth_basalt":12,"minecraft:cooked_porkchop":52,"minecraft:sand":41,"minecraft:spider_eye":1,"minecraft:diamond":91,"minecraft:stone_axe":1,"minecraft:iron_helmet":4,"minecraft:granite":17,"minecraft:golden_apple":1,"minecraft:bread":5,"minecraft:oak_sapling":146,"minecraft:coal":115,"minecraft:diamond_pickaxe":3,"minecraft:ender_pearl":9},"minecraft:custom":{"minecraft:mob_kills":81,"minecraft:interact_with_crafting_table":28,"minecraft:interact_with_campfire":9,"minecraft:leave_game":8,"minecraft:time_since_death":8609,"minecraft:climb_one_cm":206,"minecraft:sprint_one_cm":357233,"minecraft:walk_one_cm":198448,"minecraft:damage_blocked_by_shield":4149,"minecraft:drop":21,"minecraft:talked_to_villager":1,"minecraft:play_time":131030,"minecraft:deaths":10,"minecraft:sneak_time":9193,"minecraft:walk_under_water_one_cm":309,"minecraft:boat_one_cm":1545,"minecraft:jump":2965,"minecraft:walk_on_water_one_cm":2075,"minecraft:total_world_time":131030,"minecraft:interact_with_furnace":28,"minecraft:interact_with_grindstone":1,"minecraft:sleep_in_bed":1,"minecraft:time_since_rest":8639,"minecraft:damage_absorbed":40,"minecraft:damage_taken":5383,"minecraft:damage_dealt":13128,"minecraft:swim_one_cm":4750,"minecraft:fly_one_cm":658766,"minecraft:open_chest":18,"minecraft:crouch_one_cm":31188,"minecraft:fall_one_cm":110491},"minecraft:broken":{"minecraft:shield":1,"minecraft:iron_axe":1,"minecraft:wooden_axe":1},"minecraft:crafted":{"minecraft:oak_planks":36,"minecraft:cooked_chicken":3,"minecraft:furnace":1,"minecraft:diamond_helmet":1,"minecraft:diamond_leggings":1,"minecraft:iron_axe":1,"minecraft:stone_pickaxe":1,"minecraft:chest":1,"minecraft:diamond_boots":1,"minecraft:wheat":45,"minecraft:cooked_beef":2,"minecraft:diamond_sword":1,"minecraft:cooked_porkchop":24,"minecraft:diamond_axe":1,"minecraft:crafting_table":2,"minecraft:wooden_pickaxe":1,"minecraft:iron_helmet":1,"minecraft:campfire":2,"minecraft:stone_axe":1,"minecraft:bread":17,"minecraft:air":0,"minecraft:jungle_planks":72,"minecraft:oak_boat":1,"minecraft:charcoal":3,"minecraft:diamond_pickaxe":1,"minecraft:shield":1,"minecraft:stick":68,"minecraft:iron_ingot":13,"minecraft:iron_pickaxe":1,"minecraft:wooden_axe":2,"minecraft:acacia_planks":4,"minecraft:torch":132,"minecraft:diamond_chestplate":1},"minecraft:killed":{"minecraft:armadillo":1,"minecraft:witch":1,"minecraft:spider":5,"minecraft:skeleton":15,"minecraft:chicken":7,"minecraft:husk":2,"minecraft:pig":14,"minecraft:zombie_villager":1,"minecraft:creeper":1,"minecraft:sheep":2,"minecraft:zombie":26,"minecraft:cow":1,"minecraft:enderman":3},"minecraft:mined":{"minecraft:tuff":6,"minecraft:deepslate_diamond_ore":41,"minecraft:granite":3,"minecraft:acacia_log":1,"minecraft:jungle_log":32,"minecraft:hay_block":3,"minecraft:furnace":2,"minecraft:iron_ore":10,"minecraft:fire":7,"minecraft:deepslate_lapis_ore":5,"minecraft:deepslate_iron_ore":49,"minecraft:vine":1,"minecraft:stone":21,"minecraft:green_bed":1,"minecraft:acacia_leaves":3,"minecraft:blackstone":30,"minecraft:crafting_table":9,"minecraft:torch":4,"minecraft:short_grass":15,"minecraft:dead_bush":15,"minecraft:campfire":2,"minecraft:cobblestone":6,"minecraft:tall_grass":17,"minecraft:deepslate_gold_ore":8,"minecraft:lapis_ore":8,"minecraft:oak_planks":2,"minecraft:wall_torch":2,"minecraft:wheat":8,"minecraft:tnt":8,"minecraft:oak_log":42,"minecraft:coal_ore":67,"minecraft:beetroots":2,"minecraft:deepslate":16,"minecraft:oak_leaves":6,"minecraft:fern":2},"minecraft:killed_by":{"minecraft:creeper":3,"minecraft:enderman":1,"minecraft:skeleton":2,"minecraft:zombie":2},"minecraft:used":{"minecraft:beetroot":2,"minecraft:chest":1,"minecraft:shield":74,"minecraft:cooked_chicken":3,"minecraft:rotten_flesh":11,"minecraft:torch":116,"minecraft:acacia_sapling":1,"minecraft:tuff":3,"minecraft:granite":10,"minecraft:wooden_axe":84,"minecraft:iron_axe":160,"minecraft:furnace":3,"minecraft:beetroot_seeds":2,"minecraft:egg":1,"minecraft:cooked_beef":2,"minecraft:cobbled_deepslate":4,"minecraft:wheat_seeds":7,"minecraft:cooked_mutton":1,"minecraft:stone_pickaxe":77,"minecraft:oak_planks":12,"minecraft:blackstone":17,"minecraft:wooden_pickaxe":4,"minecraft:diamond_axe":36,"minecraft:green_bed":1,"minecraft:golden_apple":1,"minecraft:sand":2,"minecraft:tnt":9,"minecraft:crafting_table":9,"minecraft:campfire":2,"minecraft:flower_pot":1,"minecraft:diamond_pickaxe":190,"minecraft:apple":1,"minecraft:bread":16,"minecraft:iron_pickaxe":7,"minecraft:stone_axe":6,"minecraft:cobblestone":16,"minecraft:cooked_porkchop":15,"minecraft:oak_boat":9,"minecraft:diamond_leggings":1}},"DataVersion":3955}