{"stats":{"minecraft:killed_by":{"minecraft:stray":1,"minecraft:creeper":4,"minecraft:enderman":1,"minecraft:skeleton":2,"minecraft:zombie":2},"minecraft:broken":{"minecraft:shield":3,"minecraft:iron_axe":1,"minecraft:wooden_axe":1},"minecraft:used":{"minecraft:beetroot":2,"minecraft:trident":1,"minecraft:moss_carpet":2,"minecraft:redstone":1,"minecraft:chest":1,"minecraft:spruce_planks":10,"minecraft:shield":136,"minecraft:cooked_chicken":3,"minecraft:rotten_flesh":11,"minecraft:oak_door":1,"minecraft:torch":147,"minecraft:acacia_sapling":1,"minecraft:tuff":7,"minecraft:granite":10,"minecraft:wooden_axe":84,"minecraft:iron_axe":160,"minecraft:dark_oak_wood":6,"minecraft:smooth_basalt":6,"minecraft:red_carpet":1,"minecraft:bow":16,"minecraft:written_book":2,"minecraft:furnace":3,"minecraft:beetroot_seeds":2,"minecraft:egg":1,"minecraft:cooked_beef":4,"minecraft:cobbled_deepslate":19,"minecraft:stripped_spruce_wood":1,"minecraft:wheat_seeds":7,"minecraft:cooked_mutton":1,"minecraft:cyan_candle":4,"minecraft:stone_pickaxe":77,"minecraft:oak_planks":12,"minecraft:blackstone":30,"minecraft:wooden_pickaxe":4,"minecraft:sandstone":2,"minecraft:green_bed":1,"minecraft:diamond_axe":65,"minecraft:golden_apple":2,"minecraft:dark_oak_trapdoor":2,"minecraft:sand":3,"minecraft:crafting_table":16,"minecraft:tnt":9,"minecraft:campfire":2,"minecraft:black_bed":1,"minecraft:flower_pot":1,"minecraft:diamond_pickaxe":320,"minecraft:apple":1,"minecraft:bread":42,"minecraft:iron_pickaxe":7,"minecraft:stone_axe":6,"minecraft:diamond_sword":157,"minecraft:fire_charge":1,"minecraft:cobblestone":16,"minecraft:cooked_porkchop":22,"minecraft:red_banner":1,"minecraft:oak_boat":19,"minecraft:diamond_leggings":1},"minecraft:dropped":{"minecraft:iron_ingot":6,"minecraft:dark_oak_stairs":1,"minecraft:wheat_seeds":2,"minecraft:lapis_lazuli":64,"minecraft:glass_bottle":1,"minecraft:crafting_table":2,"minecraft:iron_helmet":1,"minecraft:cobblestone":1,"minecraft:spruce_stairs":7,"minecraft:rail":20,"minecraft:red_carpet":1,"minecraft:emerald":1,"minecraft:dirt":1,"minecraft:stone_button":8,"minecraft:torch":1,"minecraft:amethyst_shard":6,"minecraft:armadillo_scute":1,"minecraft:sand":2,"minecraft:iron_pickaxe":1,"minecraft:chainmail_leggings":1,"minecraft:string":3,"minecraft:chiseled_sandstone":1,"minecraft:bone":11,"minecraft:dark_oak_door":1,"minecraft:furnace":1,"minecraft:stone_axe":1,"minecraft:moss_carpet":2,"minecraft:cobbled_deepslate":5,"minecraft:rotten_flesh":31,"minecraft:oak_planks":50,"minecraft:salmon":5,"minecraft:chainmail_chestplate":2,"minecraft:spruce_planks":37,"minecraft:oak_boat":1,"minecraft:beetroot_seeds":5,"minecraft:melon_seeds":14,"minecraft:chest":1,"minecraft:chainmail_boots":2,"minecraft:oak_sapling":17,"minecraft:spider_eye":2,"minecraft:spruce_slab":8,"minecraft:bow":1,"minecraft:stone_pickaxe":2,"minecraft:wooden_pickaxe":1,"minecraft:magma_cream":1,"minecraft:stripped_spruce_wood":1,"minecraft:black_wool":1,"minecraft:brick":3},"minecraft:crafted":{"minecraft:oak_planks":36,"minecraft:cooked_chicken":3,"minecraft:furnace":1,"minecraft:diamond_helmet":1,"minecraft:diamond_leggings":2,"minecraft:iron_axe":1,"minecraft:stone_pickaxe":1,"minecraft:chest":1,"minecraft:diamond_boots":1,"minecraft:raw_iron_block":5,"minecraft:wheat":45,"minecraft:cooked_beef":4,"minecraft:diamond_sword":1,"minecraft:cooked_porkchop":24,"minecraft:diamond_axe":1,"minecraft:crafting_table":2,"minecraft:wooden_pickaxe":1,"minecraft:iron_helmet":1,"minecraft:campfire":2,"minecraft:stone_axe":1,"minecraft:bread":17,"minecraft:air":0,"minecraft:jungle_planks":72,"minecraft:oak_boat":1,"minecraft:charcoal":3,"minecraft:diamond_pickaxe":1,"minecraft:shield":3,"minecraft:stick":68,"minecraft:iron_ingot":22,"minecraft:iron_pickaxe":1,"minecraft:wooden_axe":2,"minecraft:black_bed":1,"minecraft:acacia_planks":4,"minecraft:torch":132,"minecraft:diamond_chestplate":1},"minecraft:mined":{"minecraft:tuff":7,"minecraft:spruce_planks":5,"minecraft:deepslate_diamond_ore":62,"minecraft:candle":1,"minecraft:granite":3,"minecraft:acacia_log":1,"minecraft:jungle_log":32,"minecraft:redstone_wire":1,"minecraft:sandstone":2,"minecraft:spawner":11,"minecraft:hay_block":3,"minecraft:raw_iron_block":8,"minecraft:furnace":2,"minecraft:dark_oak_trapdoor":1,"minecraft:raw_gold_block":6,"minecraft:iron_ore":10,"minecraft:fire":30,"minecraft:chiseled_sandstone":4,"minecraft:moss_carpet":1,"minecraft:deepslate_lapis_ore":5,"minecraft:gold_block":4,"minecraft:vine":1,"minecraft:deepslate_iron_ore":52,"minecraft:stone":21,"minecraft:iron_block":1,"minecraft:green_bed":2,"minecraft:acacia_leaves":3,"minecraft:blackstone":74,"minecraft:crafting_table":14,"minecraft:torch":5,"minecraft:short_grass":16,"minecraft:dead_bush":16,"minecraft:campfire":2,"minecraft:tall_grass":17,"minecraft:cobblestone":6,"minecraft:deepslate_gold_ore":20,"minecraft:lapis_ore":8,"minecraft:oak_planks":2,"minecraft:wall_torch":2,"minecraft:skeleton_skull":1,"minecraft:stripped_spruce_wood":1,"minecraft:wheat":8,"minecraft:tnt":8,"minecraft:black_bed":1,"minecraft:black_wool":4,"minecraft:oak_log":42,"minecraft:coal_ore":67,"minecraft:beetroots":2,"minecraft:sand":2,"minecraft:iron_trapdoor":1,"minecraft:deepslate":16,"minecraft:oak_leaves":6,"minecraft:emerald_block":2,"minecraft:fern":2},"minecraft:picked_up":{"minecraft:charcoal":4,"minecraft:crafting_table":26,"minecraft:wheat":9,"minecraft:chainmail_boots":2,"minecraft:chicken":7,"minecraft:flower_pot":2,"minecraft:diamond_sword":2,"minecraft:wooden_pickaxe":3,"minecraft:cooked_rabbit":1,"minecraft:gold_block":4,"minecraft:enchanted_book":1,"minecraft:shield":7,"minecraft:brick":3,"minecraft:string":16,"minecraft:dark_oak_trapdoor":4,"minecraft:moss_carpet":4,"minecraft:iron_axe":5,"minecraft:item_frame":1,"minecraft:blackstone":195,"minecraft:beetroot":2,"minecraft:diamond_leggings":2,"minecraft:cobbled_deepslate":72,"minecraft:spruce_planks":150,"minecraft:beef":6,"minecraft:oak_boat":22,"minecraft:jungle_sapling":4,"minecraft:iron_pickaxe":6,"minecraft:spruce_slab":24,"minecraft:chest":1,"minecraft:egg":1,"minecraft:furnace":9,"minecraft:dark_oak_door":1,"minecraft:stick":154,"minecraft:raw_iron":231,"minecraft:sandstone":2,"minecraft:raw_gold_block":6,"minecraft:oak_door":2,"minecraft:green_bed":2,"minecraft:torch":76,"minecraft:acacia_log":1,"minecraft:spruce_stairs":8,"minecraft:porkchop":29,"minecraft:stone_button":8,"minecraft:trident":1,"minecraft:redstone":11,"minecraft:iron_horse_armor":1,"minecraft:tnt":9,"minecraft:cactus":2,"minecraft:arrow":125,"minecraft:diamond_chestplate":3,"minecraft:rotten_flesh":89,"minecraft:beetroot_seeds":7,"minecraft:diamond_boots":3,"minecraft:hay_block":5,"minecraft:iron_block":1,"minecraft:armadillo_scute":3,"minecraft:stripped_dark_oak_wood":1,"minecraft:gold_ingot":15,"minecraft:saddle":2,"minecraft:black_banner":2,"minecraft:skeleton_skull":1,"minecraft:glow_berries":18,"minecraft:mutton":4,"minecraft:cobblestone":39,"minecraft:white_wool":20,"minecraft:rail":20,"minecraft:feather":11,"minecraft:magma_cream":1,"minecraft:jungle_log":29,"minecraft:salmon":34,"minecraft:black_bed":1,"minecraft:leather":2,"minecraft:stripped_spruce_wood":2,"minecraft:oak_log":228,"minecraft:tuff":10,"minecraft:smooth_sandstone_stairs":8,"minecraft:chainmail_chestplate":2,"minecraft:gunpowder":24,"minecraft:lapis_lazuli":526,"minecraft:dirt":1,"minecraft:name_tag":2,"minecraft:cooked_mutton":4,"minecraft:smooth_sandstone":16,"minecraft:red_carpet":2,"minecraft:bone":168,"minecraft:apple":2,"minecraft:bow":5,"minecraft:wheat_seeds":20,"minecraft:rabbit_hide":1,"minecraft:raw_gold":74,"minecraft:stone_pickaxe":5,"minecraft:iron_ingot":31,"minecraft:cooked_chicken":3,"minecraft:rabbit":6,"minecraft:diamond_helmet":2,"minecraft:cyan_candle":4,"minecraft:glass_bottle":3,"minecraft:oak_planks":311,"minecraft:acacia_sapling":1,"minecraft:dark_oak_stairs":1,"minecraft:book":10,"minecraft:smooth_basalt":12,"minecraft:dark_oak_slab":8,"minecraft:emerald_block":3,"minecraft:cooked_porkchop":53,"minecraft:raw_iron_block":8,"minecraft:sand":44,"minecraft:amethyst_shard":6,"minecraft:red_banner":1,"minecraft:chiseled_sandstone":1,"minecraft:spider_eye":2,"minecraft:diamond":178,"minecraft:stone_axe":1,"minecraft:chainmail_leggings":1,"minecraft:iron_helmet":4,"minecraft:diamond_axe":2,"minecraft:granite":17,"minecraft:golden_apple":1,"minecraft:emerald":1,"minecraft:bread":28,"minecraft:black_wool":4,"minecraft:melon_seeds":20,"minecraft:coal":143,"minecraft:light_gray_carpet":3,"minecraft:oak_sapling":146,"minecraft:dark_oak_wood":6,"minecraft:diamond_pickaxe":5,"minecraft:ender_pearl":16},"minecraft:killed":{"minecraft:armadillo":1,"minecraft:witch":1,"minecraft:spider":7,"minecraft:skeleton":42,"minecraft:chicken":7,"minecraft:llama":1,"minecraft:drowned":2,"minecraft:magma_cube":3,"minecraft:husk":2,"minecraft:pig":14,"minecraft:zombie_villager":1,"minecraft:salmon":29,"minecraft:rabbit":4,"minecraft:creeper":2,"minecraft:sheep":2,"minecraft:zombie":32,"minecraft:stray":4,"minecraft:enderman":4,"minecraft:cow":2},"minecraft:custom":{"minecraft:mob_kills":164,"minecraft:interact_with_crafting_table":37,"minecraft:open_barrel":18,"minecraft:interact_with_campfire":9,"minecraft:leave_game":11,"minecraft:time_since_death":70181,"minecraft:climb_one_cm":859,"minecraft:sprint_one_cm":514349,"minecraft:damage_blocked_by_shield":8566,"minecraft:walk_one_cm":323450,"minecraft:drop":69,"minecraft:talked_to_villager":1,"minecraft:play_time":219206,"minecraft:sneak_time":14577,"minecraft:deaths":12,"minecraft:walk_under_water_one_cm":39751,"minecraft:boat_one_cm":544523,"minecraft:jump":4166,"minecraft:walk_on_water_one_cm":16639,"minecraft:total_world_time":219206,"minecraft:interact_with_furnace":37,"minecraft:interact_with_grindstone":1,"minecraft:sleep_in_bed":1,"minecraft:time_since_rest":70215,"minecraft:damage_taken":7645,"minecraft:damage_absorbed":40,"minecraft:damage_dealt":21902,"minecraft:fly_one_cm":889228,"minecraft:swim_one_cm":116250,"minecraft:open_chest":57,"minecraft:crouch_one_cm":43518,"minecraft:fall_one_cm":149191,"minecraft:inspect_dispenser":7}},"DataVersion":3955}