{"stats":{"minecraft:mined":{"minecraft:white_bed":2,"minecraft:mossy_cobblestone":3,"minecraft:cobblestone_stairs":1,"minecraft:cherry_log":22,"minecraft:brewing_stand":2,"minecraft:gray_stained_glass_pane":2,"minecraft:acacia_log":1,"minecraft:spruce_fence":1,"minecraft:grass_block":354,"minecraft:birch_slab":1,"minecraft:spruce_leaves":2,"minecraft:moss_block":2,"minecraft:large_fern":1,"minecraft:hay_block":101,"minecraft:tall_seagrass":4,"minecraft:furnace":4,"minecraft:packed_mud":2,"minecraft:iron_ore":25,"minecraft:barrel":5,"minecraft:cobbled_deepslate":2,"minecraft:moss_carpet":2,"minecraft:fletching_table":1,"minecraft:bookshelf":28,"minecraft:pointed_dripstone":1,"minecraft:deepslate_iron_ore":7,"minecraft:iron_bars":6,"minecraft:spruce_pressure_plate":6,"minecraft:stone":76,"minecraft:orange_bed":2,"minecraft:smithing_table":1,"minecraft:birch_stairs":8,"minecraft:oak_slab":1,"minecraft:acacia_leaves":4,"minecraft:red_bed":3,"minecraft:smoker":2,"minecraft:stripped_dark_oak_log":4,"minecraft:crafting_table":10,"minecraft:torch":2,"minecraft:short_grass":142,"minecraft:blast_furnace":5,"minecraft:poppy":2,"minecraft:chest":14,"minecraft:white_stained_glass_pane":2,"minecraft:dead_bush":18,"minecraft:lectern":3,"minecraft:tall_grass":49,"minecraft:cobblestone":59,"minecraft:oak_planks":1,"minecraft:green_stained_glass_pane":3,"minecraft:sugar_cane":8,"minecraft:wall_torch":4,"minecraft:pink_petals":4,"minecraft:seagrass":2,"minecraft:spruce_stairs":16,"minecraft:birch_planks":17,"minecraft:coarse_dirt":1,"minecraft:black_wall_banner":1,"minecraft:spruce_log":21,"minecraft:stripped_oak_wood":1,"minecraft:oak_log":3,"minecraft:coal_ore":85,"minecraft:cherry_leaves":40,"minecraft:flower_pot":1,"minecraft:dirt":236,"minecraft:cracked_stone_bricks":1,"minecraft:terracotta":45,"minecraft:stone_bricks":14,"minecraft:oak_leaves":6,"minecraft:fern":1},"minecraft:used":{"minecraft:stone_sword":115,"minecraft:writable_book":3,"minecraft:iron_shovel":561,"minecraft:stone_shovel":20,"minecraft:poppy":1,"minecraft:chest":9,"minecraft:shield":13,"minecraft:iron_sword":151,"minecraft:cooked_salmon":1,"minecraft:stone_hoe":105,"minecraft:orange_bed":2,"minecraft:iron_chestplate":1,"minecraft:torch":70,"minecraft:dirt":4,"minecraft:milk_bucket":1,"minecraft:lava_bucket":7,"minecraft:bookshelf":6,"minecraft:iron_axe":31,"minecraft:barrel":5,"minecraft:furnace":1,"minecraft:cooked_beef":7,"minecraft:water_bucket":13,"minecraft:birch_planks":5,"minecraft:stone_pickaxe":217,"minecraft:birch_boat":4,"minecraft:wooden_pickaxe":3,"minecraft:crafting_table":12,"minecraft:red_bed":3,"minecraft:blast_furnace":3,"minecraft:white_bed":2,"minecraft:painting":7,"minecraft:birch_slab":1,"minecraft:bread":43,"minecraft:iron_pickaxe":159,"minecraft:cherry_sign":2,"minecraft:stone_axe":140,"minecraft:cobblestone":114,"minecraft:bucket":23,"minecraft:oak_boat":1,"minecraft:birch_stairs":1},"minecraft:broken":{"minecraft:iron_shovel":2,"minecraft:stone_pickaxe":1,"minecraft:stone_axe":1,"minecraft:iron_pickaxe":1},"minecraft:custom":{"minecraft:mob_kills":25,"minecraft:interact_with_crafting_table":27,"minecraft:open_barrel":34,"minecraft:bell_ring":2,"minecraft:leave_game":6,"minecraft:time_since_death":8479,"minecraft:climb_one_cm":5675,"minecraft:sprint_one_cm":708646,"minecraft:walk_one_cm":620059,"minecraft:damage_blocked_by_shield":724,"minecraft:drop":29,"minecraft:talked_to_villager":1,"minecraft:play_time":248488,"minecraft:deaths":13,"minecraft:sneak_time":3722,"minecraft:walk_under_water_one_cm":19168,"minecraft:boat_one_cm":224874,"minecraft:jump":4775,"minecraft:interact_with_blast_furnace":16,"minecraft:walk_on_water_one_cm":20161,"minecraft:total_world_time":248488,"minecraft:interact_with_furnace":8,"minecraft:sleep_in_bed":12,"minecraft:time_since_rest":8171,"minecraft:damage_taken":5267,"minecraft:damage_dealt":5794,"minecraft:swim_one_cm":42745,"minecraft:fly_one_cm":877152,"minecraft:open_chest":166,"minecraft:crouch_one_cm":5822,"minecraft:use_cauldron":1,"minecraft:fall_one_cm":152346,"minecraft:horse_one_cm":619947},"minecraft:dropped":{"minecraft:bread":1,"minecraft:stone_hoe":1,"minecraft:moss_block":2,"minecraft:wheat_seeds":3,"minecraft:crafting_table":1,"minecraft:dirt":1,"minecraft:cornflower":1,"minecraft:dark_oak_planks":4,"minecraft:pink_petals":5,"minecraft:bucket":1,"minecraft:stone_sword":1,"minecraft:cobbled_deepslate":2,"minecraft:wheat":1,"minecraft:stone_shovel":1,"minecraft:rotten_flesh":3,"minecraft:smoker":2,"minecraft:leather_boots":1,"minecraft:oak_boat":1,"minecraft:iron_bars":1,"minecraft:wooden_pickaxe":1},"minecraft:picked_up":{"minecraft:cocoa_beans":1,"minecraft:crafting_table":11,"minecraft:iron_chestplate":2,"minecraft:coarse_dirt":3,"minecraft:wheat":6,"minecraft:chicken":6,"minecraft:flower_pot":3,"minecraft:smithing_table":1,"minecraft:wooden_pickaxe":3,"minecraft:brewing_stand":2,"minecraft:shield":4,"minecraft:cornflower":2,"minecraft:red_bed":3,"minecraft:moss_carpet":2,"minecraft:iron_leggings":2,"minecraft:cobbled_deepslate":10,"minecraft:bucket":4,"minecraft:spruce_planks":15,"minecraft:beef":2,"minecraft:oak_boat":4,"minecraft:iron_nugget":13,"minecraft:poppy":1,"minecraft:iron_pickaxe":6,"minecraft:lectern":3,"minecraft:melon_slice":8,"minecraft:sugar_cane":38,"minecraft:chest":18,"minecraft:iron_boots":2,"minecraft:furnace":18,"minecraft:egg":7,"minecraft:stick":62,"minecraft:raw_iron":43,"minecraft:torch":73,"minecraft:acacia_log":1,"minecraft:spruce_stairs":16,"minecraft:spruce_fence":1,"minecraft:porkchop":2,"minecraft:cherry_log":22,"minecraft:pointed_dripstone":2,"minecraft:iron_horse_armor":1,"minecraft:orange_bed":4,"minecraft:stone_shovel":3,"minecraft:arrow":12,"minecraft:stone_sword":4,"minecraft:diamond_chestplate":2,"minecraft:rotten_flesh":3,"minecraft:hay_block":156,"minecraft:armadillo_scute":4,"minecraft:saddle":5,"minecraft:black_banner":1,"minecraft:obsidian":12,"minecraft:mutton":10,"minecraft:iron_bars":1,"minecraft:white_wool":3,"minecraft:cobblestone":178,"minecraft:pink_petals":6,"minecraft:cherry_planks":7,"minecraft:water_bucket":2,"minecraft:birch_slab":1,"minecraft:salmon":2,"minecraft:smoker":6,"minecraft:birch_planks":17,"minecraft:packed_mud":2,"minecraft:oak_log":3,"minecraft:cobblestone_stairs":1,"minecraft:dirt":595,"minecraft:apple":31,"minecraft:stone_bricks":11,"minecraft:wheat_seeds":51,"minecraft:iron_ingot":8,"minecraft:stone_pickaxe":6,"minecraft:fletching_table":3,"minecraft:moss_block":2,"minecraft:iron_sword":2,"minecraft:stone_hoe":1,"minecraft:book":84,"minecraft:milk_bucket":9,"minecraft:birch_boat":6,"minecraft:dandelion":5,"minecraft:lava_bucket":4,"minecraft:birch_stairs":36,"minecraft:blast_furnace":11,"minecraft:white_bed":2,"minecraft:spruce_log":61,"minecraft:barrel":5,"minecraft:mossy_cobblestone":12,"minecraft:stone_axe":4,"minecraft:writable_book":3,"minecraft:iron_helmet":2,"minecraft:painting":7,"minecraft:cherry_sapling":2,"minecraft:bone_meal":1,"minecraft:bread":186,"minecraft:terracotta":270,"minecraft:stripped_dark_oak_log":4,"minecraft:coal":113},"minecraft:killed_by":{"minecraft:creeper":1,"minecraft:pillager":4,"minecraft:skeleton":3,"minecraft:zombie":3},"minecraft:killed":{"minecraft:spider":1,"minecraft:salmon":2,"minecraft:iron_golem":2,"minecraft:sheep":3,"minecraft:zombie":3,"minecraft:villager":9},"minecraft:crafted":{"minecraft:cherry_planks":12,"minecraft:oak_planks":12,"minecraft:stone_shovel":1,"minecraft:birch_boat":1,"minecraft:iron_axe":1,"minecraft:stone_pickaxe":2,"minecraft:chest":1,"minecraft:dark_oak_planks":16,"minecraft:stone_hoe":1,"minecraft:wheat":387,"minecraft:crafting_table":4,"minecraft:spruce_planks":84,"minecraft:wooden_pickaxe":1,"minecraft:iron_helmet":1,"minecraft:iron_sword":1,"minecraft:cooked_salmon":1,"minecraft:hay_block":21,"minecraft:stone_axe":1,"minecraft:bread":66,"minecraft:air":0,"minecraft:cherry_sign":3,"minecraft:shield":3,"minecraft:stick":48,"minecraft:iron_ingot":54,"minecraft:iron_pickaxe":2,"minecraft:stone_sword":1,"minecraft:iron_shovel":3,"minecraft:iron_leggings":1,"minecraft:torch":112}},"DataVersion":3955}