{"stats":{"minecraft:killed_by":{"minecraft:skeleton":1,"minecraft:creeper":1,"minecraft:zombie":3},"minecraft:used":{"minecraft:water_bucket":4,"minecraft:writable_book":1,"minecraft:stone_sword":115,"minecraft:birch_planks":5,"minecraft:stone_shovel":20,"minecraft:stone_pickaxe":170,"minecraft:poppy":1,"minecraft:shield":1,"minecraft:wooden_pickaxe":3,"minecraft:iron_sword":45,"minecraft:cooked_salmon":1,"minecraft:stone_hoe":105,"minecraft:torch":25,"minecraft:crafting_table":8,"minecraft:white_bed":2,"minecraft:birch_slab":1,"minecraft:bread":16,"minecraft:iron_pickaxe":72,"minecraft:barrel":5,"minecraft:stone_axe":85,"minecraft:cobblestone":85,"minecraft:furnace":1,"minecraft:bucket":6,"minecraft:birch_stairs":1},"minecraft:broken":{"minecraft:stone_pickaxe":1},"minecraft:dropped":{"minecraft:moss_block":2,"minecraft:wheat_seeds":3,"minecraft:cobbled_deepslate":2,"minecraft:stone_sword":1,"minecraft:wheat":1,"minecraft:rotten_flesh":2,"minecraft:smoker":2,"minecraft:leather_boots":1,"minecraft:wooden_pickaxe":1},"minecraft:crafted":{"minecraft:oak_planks":12,"minecraft:stone_shovel":1,"minecraft:crafting_table":2,"minecraft:spruce_planks":4,"minecraft:wooden_pickaxe":1,"minecraft:iron_helmet":1,"minecraft:cooked_salmon":1,"minecraft:hay_block":21,"minecraft:stone_axe":1,"minecraft:bread":66,"minecraft:air":0,"minecraft:shield":1,"minecraft:stick":16,"minecraft:iron_ingot":1,"minecraft:stone_pickaxe":2,"minecraft:stone_sword":1,"minecraft:iron_leggings":1,"minecraft:torch":48,"minecraft:stone_hoe":1,"minecraft:wheat":387},"minecraft:picked_up":{"minecraft:coarse_dirt":1,"minecraft:crafting_table":6,"minecraft:wheat":2,"minecraft:birch_slab":1,"minecraft:flower_pot":3,"minecraft:salmon":1,"minecraft:wooden_pickaxe":3,"minecraft:smoker":6,"minecraft:birch_planks":17,"minecraft:packed_mud":2,"minecraft:oak_log":3,"minecraft:brewing_stand":2,"minecraft:cobblestone_stairs":1,"minecraft:dirt":26,"minecraft:cornflower":2,"minecraft:moss_carpet":2,"minecraft:apple":28,"minecraft:wheat_seeds":23,"minecraft:cobbled_deepslate":6,"minecraft:spruce_planks":15,"minecraft:iron_ingot":8,"minecraft:stone_pickaxe":4,"minecraft:fletching_table":1,"minecraft:iron_nugget":13,"minecraft:poppy":1,"minecraft:iron_pickaxe":2,"minecraft:moss_block":2,"minecraft:sugar_cane":32,"minecraft:chest":1,"minecraft:furnace":12,"minecraft:stick":21,"minecraft:raw_iron":22,"minecraft:torch":1,"minecraft:acacia_log":1,"minecraft:birch_stairs":8,"minecraft:spruce_fence":1,"minecraft:blast_furnace":2,"minecraft:white_bed":2,"minecraft:spruce_log":21,"minecraft:barrel":5,"minecraft:mossy_cobblestone":4,"minecraft:stone_sword":4,"minecraft:rotten_flesh":2,"minecraft:writable_book":3,"minecraft:hay_block":156,"minecraft:cherry_sapling":2,"minecraft:armadillo_scute":4,"minecraft:bone_meal":1,"minecraft:bread":64,"minecraft:terracotta":45,"minecraft:obsidian":12,"minecraft:white_wool":3,"minecraft:mutton":4,"minecraft:coal":65,"minecraft:cobblestone":140},"minecraft:mined":{"minecraft:birch_stairs":8,"minecraft:white_bed":2,"minecraft:acacia_leaves":4,"minecraft:mossy_cobblestone":3,"minecraft:smoker":2,"minecraft:cobblestone_stairs":1,"minecraft:brewing_stand":2,"minecraft:crafting_table":7,"minecraft:short_grass":92,"minecraft:blast_furnace":1,"minecraft:acacia_log":1,"minecraft:grass_block":25,"minecraft:spruce_fence":1,"minecraft:poppy":2,"minecraft:chest":1,"minecraft:dead_bush":9,"minecraft:tall_grass":26,"minecraft:cobblestone":49,"minecraft:birch_slab":1,"minecraft:moss_block":2,"minecraft:sugar_cane":7,"minecraft:wall_torch":2,"minecraft:seagrass":2,"minecraft:hay_block":96,"minecraft:birch_planks":17,"minecraft:tall_seagrass":4,"minecraft:coarse_dirt":1,"minecraft:furnace":4,"minecraft:packed_mud":2,"minecraft:iron_ore":6,"minecraft:barrel":5,"minecraft:cobbled_deepslate":2,"minecraft:spruce_log":21,"minecraft:moss_carpet":2,"minecraft:fletching_table":1,"minecraft:oak_log":3,"minecraft:coal_ore":38,"minecraft:deepslate_iron_ore":5,"minecraft:cherry_leaves":40,"minecraft:flower_pot":1,"minecraft:dirt":1,"minecraft:terracotta":45,"minecraft:stone":53,"minecraft:oak_leaves":6,"minecraft:fern":1},"minecraft:killed":{"minecraft:salmon":1,"minecraft:iron_golem":2,"minecraft:sheep":3,"minecraft:zombie":2,"minecraft:villager":7},"minecraft:custom":{"minecraft:interact_with_furnace":5,"minecraft:mob_kills":15,"minecraft:open_barrel":23,"minecraft:interact_with_crafting_table":16,"minecraft:bell_ring":2,"minecraft:time_since_death":94684,"minecraft:sleep_in_bed":4,"minecraft:climb_one_cm":2112,"minecraft:time_since_rest":28854,"minecraft:sprint_one_cm":249692,"minecraft:damage_taken":2226,"minecraft:walk_one_cm":225677,"minecraft:damage_blocked_by_shield":34,"minecraft:drop":13,"minecraft:damage_dealt":4166,"minecraft:talked_to_villager":1,"minecraft:swim_one_cm":28082,"minecraft:fly_one_cm":329826,"minecraft:open_chest":30,"minecraft:crouch_one_cm":2228,"minecraft:play_time":103977,"minecraft:deaths":6,"minecraft:sneak_time":2010,"minecraft:walk_under_water_one_cm":9368,"minecraft:jump":1813,"minecraft:walk_on_water_one_cm":9265,"minecraft:total_world_time":103977,"minecraft:use_cauldron":1,"minecraft:fall_one_cm":52653,"minecraft:horse_one_cm":343830}},"DataVersion":3955}