{"stats":{"minecraft:killed_by":{"minecraft:skeleton":1,"minecraft:creeper":1},"minecraft:used":{"minecraft:writable_book":1,"minecraft:stone_sword":3,"minecraft:crafting_table":1,"minecraft:stone_pickaxe":12,"minecraft:wooden_pickaxe":3},"minecraft:crafted":{"minecraft:stone_sword":1,"minecraft:stick":4,"minecraft:wooden_pickaxe":1,"minecraft:stone_pickaxe":1},"minecraft:mined":{"minecraft:short_grass":2,"minecraft:poppy":1,"minecraft:furnace":1,"minecraft:dead_bush":8,"minecraft:flower_pot":1,"minecraft:cobblestone":13,"minecraft:crafting_table":1},"minecraft:picked_up":{"minecraft:stone_sword":2,"minecraft:stick":7,"minecraft:crafting_table":1,"minecraft:flower_pot":2,"minecraft:wooden_pickaxe":2,"minecraft:writable_book":2,"minecraft:spruce_planks":10,"minecraft:armadillo_scute":1,"minecraft:stone_pickaxe":2,"minecraft:cobblestone":29,"minecraft:furnace":3},"minecraft:custom":{"minecraft:time_since_rest":235,"minecraft:open_chest":2,"minecraft:walk_one_cm":24179,"minecraft:play_time":7977,"minecraft:interact_with_furnace":1,"minecraft:sprint_one_cm":35200,"minecraft:damage_taken":834,"minecraft:deaths":3,"minecraft:jump":297,"minecraft:time_since_death":1689,"minecraft:sleep_in_bed":1,"minecraft:total_world_time":7977,"minecraft:fall_one_cm":9707,"minecraft:interact_with_crafting_table":4,"minecraft:fly_one_cm":62059}},"DataVersion":3955}