{"stats":{"minecraft:killed_by":{"minecraft:skeleton":1,"minecraft:creeper":1,"minecraft:zombie":3},"minecraft:used":{"minecraft:water_bucket":1,"minecraft:writable_book":1,"minecraft:stone_sword":115,"minecraft:stone_pickaxe":69,"minecraft:poppy":1,"minecraft:shield":1,"minecraft:wooden_pickaxe":3,"minecraft:iron_sword":31,"minecraft:cooked_salmon":1,"minecraft:stone_hoe":98,"minecraft:torch":20,"minecraft:crafting_table":7,"minecraft:bread":12,"minecraft:iron_pickaxe":65,"minecraft:stone_axe":51,"minecraft:cobblestone":13,"minecraft:furnace":1,"minecraft:bucket":3},"minecraft:dropped":{"minecraft:moss_block":2,"minecraft:wheat_seeds":3,"minecraft:stone_sword":1,"minecraft:rotten_flesh":2,"minecraft:leather_boots":1,"minecraft:wooden_pickaxe":1},"minecraft:crafted":{"minecraft:oak_planks":12,"minecraft:crafting_table":1,"minecraft:wooden_pickaxe":1,"minecraft:iron_helmet":1,"minecraft:cooked_salmon":1,"minecraft:hay_block":21,"minecraft:stone_axe":1,"minecraft:bread":66,"minecraft:air":0,"minecraft:shield":1,"minecraft:stick":16,"minecraft:iron_ingot":1,"minecraft:stone_pickaxe":1,"minecraft:stone_sword":1,"minecraft:iron_leggings":1,"minecraft:torch":48,"minecraft:stone_hoe":1,"minecraft:wheat":387},"minecraft:mined":{"minecraft:white_bed":1,"minecraft:acacia_leaves":4,"minecraft:mossy_cobblestone":3,"minecraft:smoker":2,"minecraft:cobblestone_stairs":1,"minecraft:brewing_stand":2,"minecraft:crafting_table":7,"minecraft:short_grass":63,"minecraft:blast_furnace":1,"minecraft:acacia_log":1,"minecraft:spruce_fence":1,"minecraft:poppy":2,"minecraft:dead_bush":9,"minecraft:tall_grass":26,"minecraft:cobblestone":46,"minecraft:moss_block":2,"minecraft:sugar_cane":7,"minecraft:wall_torch":2,"minecraft:seagrass":2,"minecraft:hay_block":90,"minecraft:tall_seagrass":4,"minecraft:furnace":4,"minecraft:packed_mud":2,"minecraft:iron_ore":6,"minecraft:cobbled_deepslate":1,"minecraft:spruce_log":21,"minecraft:moss_carpet":2,"minecraft:fletching_table":1,"minecraft:oak_log":3,"minecraft:coal_ore":38,"minecraft:cherry_leaves":40,"minecraft:flower_pot":1,"minecraft:stone":11,"minecraft:oak_leaves":6,"minecraft:fern":1},"minecraft:picked_up":{"minecraft:crafting_table":6,"minecraft:flower_pot":3,"minecraft:salmon":1,"minecraft:wooden_pickaxe":3,"minecraft:smoker":2,"minecraft:packed_mud":2,"minecraft:oak_log":3,"minecraft:brewing_stand":2,"minecraft:cobblestone_stairs":1,"minecraft:cornflower":1,"minecraft:moss_carpet":2,"minecraft:wheat_seeds":11,"minecraft:cobbled_deepslate":1,"minecraft:spruce_planks":15,"minecraft:iron_ingot":8,"minecraft:stone_pickaxe":4,"minecraft:fletching_table":1,"minecraft:iron_nugget":13,"minecraft:poppy":1,"minecraft:iron_pickaxe":2,"minecraft:moss_block":2,"minecraft:sugar_cane":16,"minecraft:furnace":9,"minecraft:stick":16,"minecraft:raw_iron":6,"minecraft:torch":1,"minecraft:acacia_log":1,"minecraft:spruce_fence":1,"minecraft:blast_furnace":1,"minecraft:white_bed":1,"minecraft:spruce_log":21,"minecraft:mossy_cobblestone":2,"minecraft:stone_sword":4,"minecraft:rotten_flesh":2,"minecraft:writable_book":3,"minecraft:hay_block":86,"minecraft:cherry_sapling":2,"minecraft:armadillo_scute":4,"minecraft:bone_meal":1,"minecraft:white_wool":3,"minecraft:mutton":4,"minecraft:coal":41,"minecraft:cobblestone":96},"minecraft:killed":{"minecraft:salmon":1,"minecraft:iron_golem":2,"minecraft:sheep":3,"minecraft:zombie":2,"minecraft:villager":7},"minecraft:custom":{"minecraft:interact_with_furnace":5,"minecraft:mob_kills":15,"minecraft:interact_with_crafting_table":14,"minecraft:bell_ring":2,"minecraft:time_since_death":58684,"minecraft:sleep_in_bed":3,"minecraft:climb_one_cm":2112,"minecraft:time_since_rest":5790,"minecraft:sprint_one_cm":173604,"minecraft:damage_taken":2044,"minecraft:walk_one_cm":140236,"minecraft:damage_blocked_by_shield":34,"minecraft:drop":10,"minecraft:damage_dealt":4166,"minecraft:talked_to_villager":1,"minecraft:swim_one_cm":16721,"minecraft:fly_one_cm":266778,"minecraft:open_chest":24,"minecraft:crouch_one_cm":1356,"minecraft:play_time":67977,"minecraft:deaths":6,"minecraft:sneak_time":1543,"minecraft:walk_under_water_one_cm":7699,"minecraft:jump":1441,"minecraft:walk_on_water_one_cm":6531,"minecraft:total_world_time":67977,"minecraft:use_cauldron":1,"minecraft:fall_one_cm":42185,"minecraft:horse_one_cm":66612}},"DataVersion":3955}