{"stats":{"minecraft:mined":{"minecraft:white_bed":2,"minecraft:mossy_cobblestone":3,"minecraft:cobblestone_stairs":1,"minecraft:cherry_log":22,"minecraft:brewing_stand":2,"minecraft:acacia_log":1,"minecraft:spruce_fence":1,"minecraft:grass_block":25,"minecraft:birch_slab":1,"minecraft:spruce_leaves":2,"minecraft:moss_block":2,"minecraft:large_fern":1,"minecraft:hay_block":101,"minecraft:tall_seagrass":4,"minecraft:packed_mud":2,"minecraft:furnace":4,"minecraft:iron_ore":15,"minecraft:barrel":5,"minecraft:cobbled_deepslate":2,"minecraft:moss_carpet":2,"minecraft:fletching_table":1,"minecraft:bookshelf":16,"minecraft:deepslate_iron_ore":5,"minecraft:iron_bars":6,"minecraft:spruce_pressure_plate":6,"minecraft:stone":56,"minecraft:orange_bed":2,"minecraft:birch_stairs":8,"minecraft:acacia_leaves":4,"minecraft:red_bed":2,"minecraft:smoker":2,"minecraft:crafting_table":8,"minecraft:short_grass":111,"minecraft:blast_furnace":1,"minecraft:poppy":2,"minecraft:chest":5,"minecraft:dead_bush":18,"minecraft:cobblestone":49,"minecraft:tall_grass":46,"minecraft:sugar_cane":8,"minecraft:wall_torch":2,"minecraft:pink_petals":1,"minecraft:spruce_stairs":16,"minecraft:seagrass":2,"minecraft:birch_planks":17,"minecraft:coarse_dirt":1,"minecraft:black_wall_banner":1,"minecraft:spruce_log":21,"minecraft:oak_log":3,"minecraft:coal_ore":51,"minecraft:cherry_leaves":40,"minecraft:flower_pot":1,"minecraft:dirt":3,"minecraft:terracotta":45,"minecraft:oak_leaves":6,"minecraft:fern":1},"minecraft:used":{"minecraft:stone_sword":115,"minecraft:writable_book":1,"minecraft:stone_shovel":20,"minecraft:poppy":1,"minecraft:chest":5,"minecraft:shield":4,"minecraft:iron_sword":118,"minecraft:cooked_salmon":1,"minecraft:stone_hoe":105,"minecraft:orange_bed":2,"minecraft:torch":43,"minecraft:dirt":2,"minecraft:bookshelf":6,"minecraft:barrel":5,"minecraft:furnace":1,"minecraft:water_bucket":7,"minecraft:birch_planks":5,"minecraft:stone_pickaxe":188,"minecraft:wooden_pickaxe":3,"minecraft:birch_boat":4,"minecraft:crafting_table":10,"minecraft:red_bed":2,"minecraft:white_bed":2,"minecraft:painting":7,"minecraft:birch_slab":1,"minecraft:bread":35,"minecraft:iron_pickaxe":85,"minecraft:stone_axe":140,"minecraft:cobblestone":85,"minecraft:bucket":9,"minecraft:oak_boat":1,"minecraft:birch_stairs":1},"minecraft:broken":{"minecraft:stone_pickaxe":1,"minecraft:stone_axe":1},"minecraft:custom":{"minecraft:mob_kills":22,"minecraft:interact_with_crafting_table":17,"minecraft:open_barrel":29,"minecraft:bell_ring":2,"minecraft:leave_game":3,"minecraft:time_since_death":33217,"minecraft:climb_one_cm":2770,"minecraft:sprint_one_cm":490462,"minecraft:walk_one_cm":412591,"minecraft:damage_blocked_by_shield":154,"minecraft:drop":19,"minecraft:talked_to_villager":1,"minecraft:play_time":179740,"minecraft:sneak_time":2343,"minecraft:deaths":11,"minecraft:walk_under_water_one_cm":15507,"minecraft:boat_one_cm":224874,"minecraft:jump":3371,"minecraft:walk_on_water_one_cm":15844,"minecraft:total_world_time":179740,"minecraft:interact_with_furnace":6,"minecraft:sleep_in_bed":7,"minecraft:time_since_rest":1926,"minecraft:damage_taken":4098,"minecraft:damage_dealt":5299,"minecraft:swim_one_cm":34110,"minecraft:fly_one_cm":612884,"minecraft:open_chest":88,"minecraft:crouch_one_cm":3118,"minecraft:use_cauldron":1,"minecraft:fall_one_cm":111781,"minecraft:horse_one_cm":619947},"minecraft:dropped":{"minecraft:stone_hoe":1,"minecraft:bread":1,"minecraft:moss_block":2,"minecraft:wheat_seeds":3,"minecraft:cornflower":1,"minecraft:bucket":1,"minecraft:stone_sword":1,"minecraft:cobbled_deepslate":2,"minecraft:wheat":1,"minecraft:stone_shovel":1,"minecraft:rotten_flesh":2,"minecraft:smoker":2,"minecraft:leather_boots":1,"minecraft:oak_boat":1,"minecraft:wooden_pickaxe":1},"minecraft:picked_up":{"minecraft:crafting_table":9,"minecraft:iron_chestplate":2,"minecraft:coarse_dirt":3,"minecraft:wheat":6,"minecraft:flower_pot":3,"minecraft:wooden_pickaxe":3,"minecraft:brewing_stand":2,"minecraft:shield":4,"minecraft:cornflower":2,"minecraft:red_bed":2,"minecraft:moss_carpet":2,"minecraft:iron_leggings":2,"minecraft:cobbled_deepslate":10,"minecraft:bucket":4,"minecraft:spruce_planks":15,"minecraft:oak_boat":4,"minecraft:iron_nugget":13,"minecraft:poppy":1,"minecraft:iron_pickaxe":6,"minecraft:sugar_cane":38,"minecraft:chest":9,"minecraft:iron_boots":2,"minecraft:furnace":18,"minecraft:stick":62,"minecraft:raw_iron":31,"minecraft:torch":69,"minecraft:acacia_log":1,"minecraft:spruce_stairs":16,"minecraft:spruce_fence":1,"minecraft:cherry_log":22,"minecraft:iron_horse_armor":1,"minecraft:orange_bed":4,"minecraft:diamond_chestplate":2,"minecraft:stone_sword":4,"minecraft:arrow":12,"minecraft:rotten_flesh":3,"minecraft:stone_shovel":3,"minecraft:hay_block":156,"minecraft:armadillo_scute":4,"minecraft:saddle":5,"minecraft:black_banner":1,"minecraft:mutton":4,"minecraft:obsidian":12,"minecraft:iron_bars":1,"minecraft:white_wool":3,"minecraft:cobblestone":147,"minecraft:cherry_planks":7,"minecraft:water_bucket":2,"minecraft:birch_slab":1,"minecraft:salmon":1,"minecraft:smoker":6,"minecraft:birch_planks":17,"minecraft:packed_mud":2,"minecraft:oak_log":3,"minecraft:cobblestone_stairs":1,"minecraft:dirt":54,"minecraft:apple":31,"minecraft:wheat_seeds":34,"minecraft:iron_ingot":8,"minecraft:stone_pickaxe":6,"minecraft:fletching_table":3,"minecraft:moss_block":2,"minecraft:stone_hoe":1,"minecraft:iron_sword":2,"minecraft:book":48,"minecraft:birch_boat":6,"minecraft:lava_bucket":4,"minecraft:birch_stairs":36,"minecraft:blast_furnace":7,"minecraft:white_bed":2,"minecraft:spruce_log":61,"minecraft:barrel":5,"minecraft:mossy_cobblestone":12,"minecraft:stone_axe":4,"minecraft:writable_book":3,"minecraft:iron_helmet":2,"minecraft:painting":4,"minecraft:cherry_sapling":2,"minecraft:bone_meal":1,"minecraft:bread":167,"minecraft:terracotta":270,"minecraft:coal":76},"minecraft:killed_by":{"minecraft:creeper":1,"minecraft:pillager":4,"minecraft:skeleton":1,"minecraft:zombie":3},"minecraft:killed":{"minecraft:spider":1,"minecraft:salmon":1,"minecraft:iron_golem":2,"minecraft:sheep":3,"minecraft:zombie":3,"minecraft:villager":8},"minecraft:crafted":{"minecraft:oak_planks":12,"minecraft:stone_shovel":1,"minecraft:birch_boat":1,"minecraft:stone_pickaxe":2,"minecraft:stone_hoe":1,"minecraft:wheat":387,"minecraft:crafting_table":3,"minecraft:spruce_planks":4,"minecraft:wooden_pickaxe":1,"minecraft:iron_helmet":1,"minecraft:cooked_salmon":1,"minecraft:hay_block":21,"minecraft:stone_axe":1,"minecraft:bread":66,"minecraft:air":0,"minecraft:shield":2,"minecraft:stick":16,"minecraft:iron_ingot":1,"minecraft:stone_sword":1,"minecraft:iron_leggings":1,"minecraft:torch":48}},"DataVersion":3955}