{"stats":{"minecraft:killed_by":{"minecraft:skeleton":1,"minecraft:creeper":1,"minecraft:zombie":3},"minecraft:used":{"minecraft:water_bucket":1,"minecraft:writable_book":1,"minecraft:stone_sword":100,"minecraft:stone_pickaxe":39,"minecraft:poppy":1,"minecraft:shield":1,"minecraft:wooden_pickaxe":3,"minecraft:cooked_salmon":1,"minecraft:stone_hoe":63,"minecraft:torch":12,"minecraft:crafting_table":6,"minecraft:bread":7,"minecraft:iron_pickaxe":48,"minecraft:stone_axe":49,"minecraft:cobblestone":10,"minecraft:furnace":1,"minecraft:bucket":2},"minecraft:dropped":{"minecraft:wooden_pickaxe":1},"minecraft:crafted":{"minecraft:oak_planks":12,"minecraft:crafting_table":1,"minecraft:wooden_pickaxe":1,"minecraft:cooked_salmon":1,"minecraft:hay_block":21,"minecraft:stone_axe":1,"minecraft:bread":66,"minecraft:air":0,"minecraft:shield":1,"minecraft:stick":8,"minecraft:iron_ingot":1,"minecraft:stone_pickaxe":1,"minecraft:stone_sword":1,"minecraft:torch":16,"minecraft:stone_hoe":1,"minecraft:wheat":387},"minecraft:mined":{"minecraft:white_bed":1,"minecraft:acacia_leaves":2,"minecraft:smoker":2,"minecraft:brewing_stand":1,"minecraft:crafting_table":6,"minecraft:short_grass":51,"minecraft:acacia_log":1,"minecraft:spruce_fence":1,"minecraft:poppy":2,"minecraft:dead_bush":9,"minecraft:tall_grass":16,"minecraft:cobblestone":30,"minecraft:sugar_cane":6,"minecraft:wall_torch":2,"minecraft:hay_block":59,"minecraft:tall_seagrass":2,"minecraft:furnace":2,"minecraft:packed_mud":2,"minecraft:iron_ore":4,"minecraft:spruce_log":21,"minecraft:moss_carpet":2,"minecraft:oak_log":3,"minecraft:coal_ore":37,"minecraft:flower_pot":1,"minecraft:stone":10,"minecraft:oak_leaves":6,"minecraft:fern":1},"minecraft:picked_up":{"minecraft:crafting_table":6,"minecraft:flower_pot":3,"minecraft:salmon":1,"minecraft:wooden_pickaxe":3,"minecraft:smoker":2,"minecraft:packed_mud":2,"minecraft:oak_log":3,"minecraft:brewing_stand":1,"minecraft:moss_carpet":2,"minecraft:wheat_seeds":9,"minecraft:spruce_planks":15,"minecraft:iron_ingot":4,"minecraft:stone_pickaxe":4,"minecraft:iron_nugget":13,"minecraft:poppy":1,"minecraft:iron_pickaxe":2,"minecraft:sugar_cane":13,"minecraft:furnace":7,"minecraft:stick":11,"minecraft:raw_iron":4,"minecraft:torch":1,"minecraft:acacia_log":1,"minecraft:spruce_fence":1,"minecraft:white_bed":1,"minecraft:spruce_log":21,"minecraft:stone_sword":4,"minecraft:rotten_flesh":2,"minecraft:writable_book":3,"minecraft:hay_block":55,"minecraft:armadillo_scute":4,"minecraft:bone_meal":1,"minecraft:white_wool":3,"minecraft:mutton":4,"minecraft:coal":40,"minecraft:cobblestone":79},"minecraft:killed":{"minecraft:salmon":1,"minecraft:iron_golem":1,"minecraft:sheep":3,"minecraft:zombie":2,"minecraft:villager":7},"minecraft:custom":{"minecraft:interact_with_furnace":5,"minecraft:mob_kills":14,"minecraft:interact_with_crafting_table":12,"minecraft:bell_ring":2,"minecraft:time_since_death":34684,"minecraft:sleep_in_bed":1,"minecraft:climb_one_cm":1693,"minecraft:time_since_rest":34710,"minecraft:sprint_one_cm":118817,"minecraft:damage_taken":1964,"minecraft:walk_one_cm":95481,"minecraft:damage_blocked_by_shield":34,"minecraft:drop":1,"minecraft:damage_dealt":3166,"minecraft:swim_one_cm":1909,"minecraft:fly_one_cm":173105,"minecraft:open_chest":16,"minecraft:crouch_one_cm":785,"minecraft:play_time":43977,"minecraft:deaths":6,"minecraft:sneak_time":904,"minecraft:walk_under_water_one_cm":5319,"minecraft:jump":927,"minecraft:walk_on_water_one_cm":2306,"minecraft:total_world_time":43977,"minecraft:use_cauldron":1,"minecraft:fall_one_cm":25296}},"DataVersion":3955}