{"stats":{"minecraft:killed_by":{"minecraft:creeper":1,"minecraft:skeleton":1,"minecraft:zombie":3},"minecraft:broken":{"minecraft:stone_pickaxe":1},"minecraft:used":{"minecraft:writable_book":1,"minecraft:stone_sword":115,"minecraft:stone_shovel":20,"minecraft:poppy":1,"minecraft:shield":1,"minecraft:iron_sword":79,"minecraft:cooked_salmon":1,"minecraft:stone_hoe":105,"minecraft:torch":25,"minecraft:barrel":5,"minecraft:furnace":1,"minecraft:water_bucket":5,"minecraft:birch_planks":5,"minecraft:stone_pickaxe":170,"minecraft:birch_boat":4,"minecraft:wooden_pickaxe":3,"minecraft:crafting_table":9,"minecraft:white_bed":2,"minecraft:birch_slab":1,"minecraft:bread":22,"minecraft:iron_pickaxe":72,"minecraft:stone_axe":85,"minecraft:cobblestone":85,"minecraft:bucket":7,"minecraft:oak_boat":1,"minecraft:birch_stairs":1},"minecraft:dropped":{"minecraft:moss_block":2,"minecraft:wheat_seeds":3,"minecraft:stone_sword":1,"minecraft:cobbled_deepslate":2,"minecraft:wheat":1,"minecraft:rotten_flesh":2,"minecraft:smoker":2,"minecraft:leather_boots":1,"minecraft:wooden_pickaxe":1},"minecraft:crafted":{"minecraft:oak_planks":12,"minecraft:stone_shovel":1,"minecraft:birch_boat":1,"minecraft:stone_pickaxe":2,"minecraft:stone_hoe":1,"minecraft:wheat":387,"minecraft:crafting_table":3,"minecraft:spruce_planks":4,"minecraft:wooden_pickaxe":1,"minecraft:iron_helmet":1,"minecraft:cooked_salmon":1,"minecraft:hay_block":21,"minecraft:stone_axe":1,"minecraft:bread":66,"minecraft:air":0,"minecraft:shield":1,"minecraft:stick":16,"minecraft:iron_ingot":1,"minecraft:stone_sword":1,"minecraft:iron_leggings":1,"minecraft:torch":48},"minecraft:mined":{"minecraft:white_bed":2,"minecraft:mossy_cobblestone":3,"minecraft:cobblestone_stairs":1,"minecraft:brewing_stand":2,"minecraft:acacia_log":1,"minecraft:spruce_fence":1,"minecraft:grass_block":25,"minecraft:birch_slab":1,"minecraft:moss_block":2,"minecraft:hay_block":96,"minecraft:tall_seagrass":4,"minecraft:furnace":4,"minecraft:packed_mud":2,"minecraft:iron_ore":6,"minecraft:cobbled_deepslate":2,"minecraft:barrel":5,"minecraft:moss_carpet":2,"minecraft:fletching_table":1,"minecraft:deepslate_iron_ore":5,"minecraft:stone":53,"minecraft:orange_bed":1,"minecraft:birch_stairs":8,"minecraft:acacia_leaves":4,"minecraft:smoker":2,"minecraft:crafting_table":8,"minecraft:short_grass":102,"minecraft:blast_furnace":1,"minecraft:poppy":2,"minecraft:chest":1,"minecraft:dead_bush":18,"minecraft:cobblestone":49,"minecraft:tall_grass":35,"minecraft:sugar_cane":8,"minecraft:wall_torch":2,"minecraft:seagrass":2,"minecraft:birch_planks":17,"minecraft:coarse_dirt":1,"minecraft:spruce_log":21,"minecraft:coal_ore":38,"minecraft:oak_log":3,"minecraft:cherry_leaves":40,"minecraft:flower_pot":1,"minecraft:dirt":1,"minecraft:terracotta":45,"minecraft:oak_leaves":6,"minecraft:fern":1},"minecraft:picked_up":{"minecraft:crafting_table":7,"minecraft:coarse_dirt":1,"minecraft:wheat":2,"minecraft:flower_pot":3,"minecraft:wooden_pickaxe":3,"minecraft:brewing_stand":2,"minecraft:cornflower":2,"minecraft:moss_carpet":2,"minecraft:cobbled_deepslate":6,"minecraft:spruce_planks":15,"minecraft:oak_boat":2,"minecraft:iron_nugget":13,"minecraft:poppy":1,"minecraft:iron_pickaxe":2,"minecraft:sugar_cane":34,"minecraft:chest":1,"minecraft:furnace":12,"minecraft:stick":27,"minecraft:raw_iron":22,"minecraft:torch":1,"minecraft:acacia_log":1,"minecraft:spruce_fence":1,"minecraft:orange_bed":1,"minecraft:stone_sword":4,"minecraft:arrow":3,"minecraft:rotten_flesh":2,"minecraft:hay_block":156,"minecraft:armadillo_scute":4,"minecraft:mutton":4,"minecraft:obsidian":12,"minecraft:white_wool":3,"minecraft:cobblestone":140,"minecraft:birch_slab":1,"minecraft:salmon":1,"minecraft:smoker":6,"minecraft:birch_planks":17,"minecraft:packed_mud":2,"minecraft:oak_log":3,"minecraft:cobblestone_stairs":1,"minecraft:dirt":26,"minecraft:apple":28,"minecraft:wheat_seeds":24,"minecraft:iron_ingot":8,"minecraft:stone_pickaxe":4,"minecraft:fletching_table":1,"minecraft:moss_block":2,"minecraft:birch_boat":4,"minecraft:birch_stairs":8,"minecraft:blast_furnace":2,"minecraft:white_bed":2,"minecraft:spruce_log":21,"minecraft:barrel":5,"minecraft:mossy_cobblestone":4,"minecraft:writable_book":3,"minecraft:cherry_sapling":2,"minecraft:bone_meal":1,"minecraft:bread":64,"minecraft:terracotta":45,"minecraft:coal":65},"minecraft:killed":{"minecraft:spider":1,"minecraft:salmon":1,"minecraft:iron_golem":2,"minecraft:sheep":3,"minecraft:zombie":2,"minecraft:villager":7},"minecraft:custom":{"minecraft:mob_kills":16,"minecraft:interact_with_crafting_table":17,"minecraft:open_barrel":23,"minecraft:bell_ring":2,"minecraft:leave_game":1,"minecraft:time_since_death":116740,"minecraft:climb_one_cm":2112,"minecraft:sprint_one_cm":312694,"minecraft:walk_one_cm":251164,"minecraft:damage_blocked_by_shield":34,"minecraft:drop":13,"minecraft:talked_to_villager":1,"minecraft:play_time":126033,"minecraft:deaths":6,"minecraft:sneak_time":2081,"minecraft:walk_under_water_one_cm":15507,"minecraft:boat_one_cm":224874,"minecraft:jump":2485,"minecraft:walk_on_water_one_cm":15520,"minecraft:total_world_time":126033,"minecraft:interact_with_furnace":6,"minecraft:sleep_in_bed":4,"minecraft:time_since_rest":50910,"minecraft:damage_taken":2350,"minecraft:damage_dealt":4363,"minecraft:swim_one_cm":34110,"minecraft:fly_one_cm":468255,"minecraft:open_chest":30,"minecraft:crouch_one_cm":2307,"minecraft:use_cauldron":1,"minecraft:fall_one_cm":74158,"minecraft:horse_one_cm":352288}},"DataVersion":3955}