{"stats":{"minecraft:dropped":{"minecraft:stone_axe":1,"minecraft:poppy":1,"minecraft:tipped_arrow":3,"minecraft:flower_pot":1,"minecraft:spruce_planks":2,"minecraft:beetroot_seeds":5,"minecraft:oak_sapling":1,"minecraft:stone_pickaxe":1,"minecraft:iron_pickaxe":1},"minecraft:picked_up":{"minecraft:shelter_pottery_sherd":3,"minecraft:crafting_table":5,"minecraft:wheat":6,"minecraft:feather":6,"minecraft:chicken":3,"minecraft:flower_pot":3,"minecraft:jungle_log":1,"minecraft:brown_mushroom":2,"minecraft:cut_sandstone":3,"minecraft:wooden_pickaxe":3,"minecraft:oak_log":4,"minecraft:shield":2,"minecraft:brick":9,"minecraft:bone":10,"minecraft:smooth_sandstone":6,"minecraft:beetroot":1,"minecraft:wheat_seeds":90,"minecraft:raw_gold":24,"minecraft:spruce_planks":531,"minecraft:iron_ingot":7,"minecraft:stone_pickaxe":3,"minecraft:poppy":3,"minecraft:iron_pickaxe":3,"minecraft:spruce_slab":3,"minecraft:acacia_sapling":1,"minecraft:oak_planks":1,"minecraft:dark_oak_stairs":1,"minecraft:furnace":1,"minecraft:egg":2,"minecraft:book":9,"minecraft:tipped_arrow":3,"minecraft:stick":26,"minecraft:raw_iron":6,"minecraft:dark_oak_slab":1,"minecraft:red_wool":8,"minecraft:green_bed":4,"minecraft:acacia_log":2,"minecraft:fire_charge":2,"minecraft:porkchop":5,"minecraft:sand":7,"minecraft:spruce_sapling":36,"minecraft:spruce_log":85,"minecraft:dead_bush":3,"minecraft:stone_sword":2,"minecraft:arrow":2,"minecraft:rotten_flesh":9,"minecraft:tropical_fish":2,"minecraft:beetroot_seeds":13,"minecraft:stone_axe":3,"minecraft:oak_sapling":1,"minecraft:cobblestone":46},"minecraft:custom":{"minecraft:interact_with_furnace":7,"minecraft:mob_kills":14,"minecraft:interact_with_crafting_table":13,"minecraft:open_barrel":2,"minecraft:time_since_death":18098,"minecraft:sleep_in_bed":3,"minecraft:climb_one_cm":4277,"minecraft:time_since_rest":2015,"minecraft:sprint_one_cm":76310,"minecraft:damage_taken":1325,"minecraft:walk_one_cm":91894,"minecraft:damage_blocked_by_shield":765,"minecraft:drop":11,"minecraft:damage_dealt":2162,"minecraft:swim_one_cm":22101,"minecraft:talked_to_villager":7,"minecraft:fly_one_cm":221447,"minecraft:open_chest":1,"minecraft:crouch_one_cm":15307,"minecraft:play_time":58713,"minecraft:deaths":2,"minecraft:sneak_time":6460,"minecraft:walk_under_water_one_cm":3289,"minecraft:boat_one_cm":145310,"minecraft:jump":1278,"minecraft:walk_on_water_one_cm":4836,"minecraft:total_world_time":58713,"minecraft:fall_one_cm":44345,"minecraft:inspect_dispenser":5,"minecraft:horse_one_cm":3032},"minecraft:broken":{"minecraft:stone_axe":1},"minecraft:crafted":{"minecraft:oak_planks":16,"minecraft:cooked_porkchop":5,"minecraft:crafting_table":4,"minecraft:spruce_planks":332,"minecraft:wooden_pickaxe":1,"minecraft:cooked_chicken":3,"minecraft:iron_sword":1,"minecraft:furnace":2,"minecraft:stone_axe":2,"minecraft:bread":1,"minecraft:air":0,"minecraft:oak_boat":1,"minecraft:shield":1,"minecraft:stick":8,"minecraft:iron_ingot":2,"minecraft:iron_pickaxe":1,"minecraft:stone_pickaxe":1,"minecraft:stone_sword":1,"minecraft:spruce_boat":1,"minecraft:acacia_planks":8},"minecraft:killed":{"minecraft:pig":2,"minecraft:spider":1,"minecraft:iron_golem":1,"minecraft:zombie":1,"minecraft:chicken":3,"minecraft:stray":4,"minecraft:tropical_fish":2},"minecraft:mined":{"minecraft:cut_sandstone":1,"minecraft:acacia_leaves":7,"minecraft:spruce_planks":32,"minecraft:red_wool":4,"minecraft:dandelion":1,"minecraft:oak_fence":4,"minecraft:smooth_sandstone":2,"minecraft:crafting_table":3,"minecraft:potted_dead_bush":1,"minecraft:short_grass":35,"minecraft:acacia_log":2,"minecraft:decorated_pot":1,"minecraft:jungle_log":1,"minecraft:dead_bush":4,"minecraft:cobblestone":8,"minecraft:tall_grass":31,"minecraft:spawner":1,"minecraft:spruce_stairs":1,"minecraft:dark_oak_slab":5,"minecraft:furnace":1,"minecraft:fire":1,"minecraft:iron_ore":2,"minecraft:wheat":25,"minecraft:spruce_log":85,"minecraft:dark_oak_stairs":1,"minecraft:bookshelf":3,"minecraft:oak_log":4,"minecraft:beetroots":8,"minecraft:sand":7,"minecraft:stone":37,"minecraft:gold_ore":8,"minecraft:oak_leaves":6,"minecraft:spruce_slab":11,"minecraft:green_bed":4,"minecraft:fern":4},"minecraft:killed_by":{"minecraft:skeleton":1},"minecraft:used":{"minecraft:beetroot":1,"minecraft:stone_sword":29,"minecraft:stone_pickaxe":9,"minecraft:oak_planks":4,"minecraft:shield":27,"minecraft:spruce_planks":299,"minecraft:wooden_pickaxe":12,"minecraft:iron_sword":6,"minecraft:green_bed":4,"minecraft:cooked_chicken":3,"minecraft:sand":7,"minecraft:crafting_table":7,"minecraft:spruce_log":2,"minecraft:spruce_boat":1,"minecraft:bread":1,"minecraft:iron_pickaxe":48,"minecraft:stone_axe":191,"minecraft:fire_charge":3,"minecraft:cobblestone":6,"minecraft:furnace":2,"minecraft:cooked_porkchop":4,"minecraft:beetroot_seeds":8,"minecraft:oak_boat":1,"minecraft:egg":2,"minecraft:acacia_planks":1}},"DataVersion":3955}