{"stats":{"minecraft:dropped":{"minecraft:stone_axe":1,"minecraft:poppy":1,"minecraft:tipped_arrow":3,"minecraft:flower_pot":1,"minecraft:spruce_planks":2,"minecraft:beetroot_seeds":5,"minecraft:oak_sapling":1,"minecraft:stone_pickaxe":1},"minecraft:picked_up":{"minecraft:shelter_pottery_sherd":3,"minecraft:crafting_table":4,"minecraft:wheat":6,"minecraft:feather":6,"minecraft:chicken":3,"minecraft:flower_pot":3,"minecraft:brown_mushroom":2,"minecraft:cut_sandstone":3,"minecraft:wooden_pickaxe":2,"minecraft:oak_log":4,"minecraft:shield":2,"minecraft:brick":9,"minecraft:bone":10,"minecraft:smooth_sandstone":6,"minecraft:beetroot":1,"minecraft:wheat_seeds":90,"minecraft:raw_gold":24,"minecraft:spruce_planks":524,"minecraft:iron_ingot":7,"minecraft:stone_pickaxe":3,"minecraft:poppy":3,"minecraft:iron_pickaxe":2,"minecraft:oak_planks":1,"minecraft:dark_oak_stairs":1,"minecraft:egg":2,"minecraft:book":9,"minecraft:tipped_arrow":3,"minecraft:stick":26,"minecraft:raw_iron":6,"minecraft:dark_oak_slab":1,"minecraft:red_wool":8,"minecraft:green_bed":4,"minecraft:acacia_log":2,"minecraft:fire_charge":2,"minecraft:porkchop":3,"minecraft:sand":7,"minecraft:spruce_sapling":36,"minecraft:spruce_log":85,"minecraft:dead_bush":3,"minecraft:stone_sword":2,"minecraft:arrow":2,"minecraft:rotten_flesh":9,"minecraft:beetroot_seeds":13,"minecraft:stone_axe":3,"minecraft:oak_sapling":1,"minecraft:cobblestone":24},"minecraft:custom":{"minecraft:interact_with_furnace":4,"minecraft:mob_kills":11,"minecraft:interact_with_crafting_table":9,"minecraft:open_barrel":2,"minecraft:time_since_death":6098,"minecraft:sleep_in_bed":2,"minecraft:climb_one_cm":4277,"minecraft:time_since_rest":3249,"minecraft:sprint_one_cm":64305,"minecraft:damage_taken":1125,"minecraft:walk_one_cm":82857,"minecraft:damage_blocked_by_shield":765,"minecraft:drop":10,"minecraft:damage_dealt":1977,"minecraft:swim_one_cm":5867,"minecraft:talked_to_villager":7,"minecraft:fly_one_cm":195204,"minecraft:open_chest":1,"minecraft:crouch_one_cm":6184,"minecraft:play_time":46713,"minecraft:deaths":2,"minecraft:sneak_time":3247,"minecraft:walk_under_water_one_cm":1361,"minecraft:boat_one_cm":145310,"minecraft:jump":1074,"minecraft:walk_on_water_one_cm":2495,"minecraft:total_world_time":46713,"minecraft:fall_one_cm":39319,"minecraft:inspect_dispenser":5,"minecraft:horse_one_cm":3032},"minecraft:broken":{"minecraft:stone_axe":1},"minecraft:crafted":{"minecraft:oak_planks":16,"minecraft:cooked_porkchop":2,"minecraft:crafting_table":4,"minecraft:spruce_planks":332,"minecraft:wooden_pickaxe":1,"minecraft:cooked_chicken":3,"minecraft:furnace":1,"minecraft:stone_axe":1,"minecraft:bread":1,"minecraft:air":0,"minecraft:oak_boat":1,"minecraft:shield":1,"minecraft:stick":4,"minecraft:iron_pickaxe":1,"minecraft:stone_pickaxe":1,"minecraft:stone_sword":1,"minecraft:spruce_boat":1,"minecraft:acacia_planks":8},"minecraft:killed":{"minecraft:pig":1,"minecraft:spider":1,"minecraft:iron_golem":1,"minecraft:zombie":1,"minecraft:chicken":3,"minecraft:stray":4},"minecraft:mined":{"minecraft:cut_sandstone":1,"minecraft:acacia_leaves":7,"minecraft:spruce_planks":2,"minecraft:red_wool":4,"minecraft:oak_fence":4,"minecraft:smooth_sandstone":2,"minecraft:crafting_table":2,"minecraft:potted_dead_bush":1,"minecraft:short_grass":34,"minecraft:acacia_log":2,"minecraft:decorated_pot":1,"minecraft:dead_bush":4,"minecraft:cobblestone":8,"minecraft:tall_grass":31,"minecraft:dark_oak_slab":1,"minecraft:iron_ore":2,"minecraft:wheat":25,"minecraft:spruce_log":85,"minecraft:dark_oak_stairs":1,"minecraft:bookshelf":3,"minecraft:oak_log":4,"minecraft:beetroots":8,"minecraft:sand":7,"minecraft:stone":15,"minecraft:gold_ore":8,"minecraft:oak_leaves":6,"minecraft:green_bed":4,"minecraft:fern":4},"minecraft:killed_by":{"minecraft:skeleton":1},"minecraft:used":{"minecraft:beetroot":1,"minecraft:stone_sword":26,"minecraft:stone_pickaxe":9,"minecraft:oak_planks":4,"minecraft:shield":27,"minecraft:spruce_planks":162,"minecraft:wooden_pickaxe":12,"minecraft:green_bed":4,"minecraft:cooked_chicken":3,"minecraft:sand":7,"minecraft:crafting_table":5,"minecraft:spruce_log":2,"minecraft:spruce_boat":1,"minecraft:bread":1,"minecraft:iron_pickaxe":22,"minecraft:stone_axe":148,"minecraft:cobblestone":6,"minecraft:furnace":1,"minecraft:cooked_porkchop":2,"minecraft:beetroot_seeds":8,"minecraft:oak_boat":1,"minecraft:egg":2,"minecraft:acacia_planks":1}},"DataVersion":3955}