{"stats":{"minecraft:dropped":{"minecraft:iron_sword":2,"minecraft:brown_mushroom":1,"minecraft:wheat_seeds":30,"minecraft:shelter_pottery_sherd":1,"minecraft:diamond":4,"minecraft:spruce_stairs":7,"minecraft:rail":10,"minecraft:stick":4,"minecraft:flowering_azalea":3,"minecraft:cyan_candle":4,"minecraft:iron_pickaxe":1,"minecraft:chainmail_leggings":1,"minecraft:spruce_sapling":12,"minecraft:armor_stand":2,"minecraft:dark_oak_door":3,"minecraft:moss_carpet":4,"minecraft:stone_axe":1,"minecraft:wheat":1,"minecraft:red_banner":1,"minecraft:rotten_flesh":8,"minecraft:poppy":1,"minecraft:tipped_arrow":3,"minecraft:spruce_boat":1,"minecraft:flower_pot":1,"minecraft:spruce_planks":2,"minecraft:charcoal":1,"minecraft:beetroot_seeds":5,"minecraft:acacia_sapling":1,"minecraft:oak_sapling":1,"minecraft:spruce_slab":10,"minecraft:stone_pickaxe":1,"minecraft:wooden_pickaxe":1,"minecraft:black_wool":6,"minecraft:brick":3},"minecraft:picked_up":{"minecraft:iron_chestplate":1,"minecraft:charcoal":3,"minecraft:shelter_pottery_sherd":4,"minecraft:crafting_table":5,"minecraft:wheat":9,"minecraft:chicken":3,"minecraft:flower_pot":3,"minecraft:brown_mushroom":3,"minecraft:diamond_sword":1,"minecraft:wooden_pickaxe":4,"minecraft:gold_block":2,"minecraft:shield":3,"minecraft:brick":12,"minecraft:moss_carpet":6,"minecraft:dark_oak_trapdoor":2,"minecraft:armor_stand":2,"minecraft:beetroot":1,"minecraft:spruce_planks":578,"minecraft:iron_nugget":11,"minecraft:poppy":3,"minecraft:iron_pickaxe":5,"minecraft:spruce_slab":20,"minecraft:iron_boots":1,"minecraft:furnace":1,"minecraft:egg":2,"minecraft:dark_oak_door":5,"minecraft:tipped_arrow":17,"minecraft:stick":30,"minecraft:raw_iron":6,"minecraft:torch":8,"minecraft:acacia_log":2,"minecraft:green_bed":7,"minecraft:spruce_stairs":12,"minecraft:fire_charge":2,"minecraft:porkchop":5,"minecraft:diamond_chestplate":1,"minecraft:stone_sword":4,"minecraft:arrow":17,"minecraft:rotten_flesh":22,"minecraft:tropical_fish":4,"minecraft:beetroot_seeds":13,"minecraft:iron_block":2,"minecraft:glow_berries":2,"minecraft:skeleton_skull":1,"minecraft:rail":10,"minecraft:cobblestone":52,"minecraft:feather":8,"minecraft:salmon":2,"minecraft:jungle_log":1,"minecraft:cut_sandstone":5,"minecraft:stripped_spruce_wood":6,"minecraft:oak_log":4,"minecraft:name_tag":4,"minecraft:smooth_sandstone":6,"minecraft:bone":55,"minecraft:wheat_seeds":180,"minecraft:raw_gold":40,"minecraft:iron_ingot":20,"minecraft:stone_pickaxe":5,"minecraft:cyan_candle":4,"minecraft:flowering_azalea":3,"minecraft:iron_sword":4,"minecraft:oak_planks":2,"minecraft:acacia_sapling":4,"minecraft:dark_oak_stairs":1,"minecraft:book":18,"minecraft:dark_oak_slab":4,"minecraft:emerald_block":1,"minecraft:red_wool":14,"minecraft:amethyst_shard":6,"minecraft:sand":7,"minecraft:red_banner":2,"minecraft:spruce_sapling":72,"minecraft:spruce_log":85,"minecraft:dead_bush":4,"minecraft:diamond_block":1,"minecraft:diamond":8,"minecraft:spruce_boat":2,"minecraft:stone_axe":4,"minecraft:chainmail_leggings":2,"minecraft:iron_helmet":2,"minecraft:emerald":11,"minecraft:oak_sapling":1,"minecraft:black_wool":7,"minecraft:dark_oak_wood":15,"minecraft:diamond_pickaxe":1},"minecraft:custom":{"minecraft:mob_kills":27,"minecraft:interact_with_crafting_table":17,"minecraft:open_barrel":5,"minecraft:leave_game":2,"minecraft:time_since_death":15066,"minecraft:climb_one_cm":5398,"minecraft:sprint_one_cm":93889,"minecraft:walk_one_cm":171218,"minecraft:damage_blocked_by_shield":1606,"minecraft:drop":52,"minecraft:talked_to_villager":7,"minecraft:play_time":89380,"minecraft:deaths":4,"minecraft:sneak_time":6681,"minecraft:walk_under_water_one_cm":12566,"minecraft:boat_one_cm":194947,"minecraft:jump":1487,"minecraft:walk_on_water_one_cm":17215,"minecraft:total_world_time":89380,"minecraft:interact_with_furnace":12,"minecraft:sleep_in_bed":5,"minecraft:time_since_rest":2112,"minecraft:damage_taken":2445,"minecraft:damage_absorbed":80,"minecraft:damage_dealt":4319,"minecraft:swim_one_cm":43647,"minecraft:fly_one_cm":241426,"minecraft:open_chest":39,"minecraft:crouch_one_cm":15888,"minecraft:fall_one_cm":48955,"minecraft:inspect_dispenser":6,"minecraft:horse_one_cm":3032},"minecraft:broken":{"minecraft:stone_axe":1},"minecraft:crafted":{"minecraft:oak_planks":16,"minecraft:cooked_chicken":3,"minecraft:furnace":2,"minecraft:diamond":9,"minecraft:iron_boots":1,"minecraft:stone_pickaxe":1,"minecraft:spruce_boat":1,"minecraft:dark_oak_planks":24,"minecraft:diamond_sword":1,"minecraft:cooked_porkchop":5,"minecraft:crafting_table":7,"minecraft:spruce_planks":332,"minecraft:wooden_pickaxe":1,"minecraft:iron_sword":1,"minecraft:cooked_salmon":13,"minecraft:stone_axe":2,"minecraft:bread":1,"minecraft:air":0,"minecraft:oak_boat":1,"minecraft:iron_chestplate":1,"minecraft:diamond_pickaxe":1,"minecraft:charcoal":3,"minecraft:shield":2,"minecraft:stick":12,"minecraft:iron_ingot":20,"minecraft:iron_pickaxe":1,"minecraft:stone_sword":1,"minecraft:iron_leggings":1,"minecraft:acacia_planks":8,"minecraft:torch":8,"minecraft:diamond_chestplate":1},"minecraft:killed":{"minecraft:spider":1,"minecraft:chicken":3,"minecraft:tropical_fish":2,"minecraft:magma_cube":1,"minecraft:pig":2,"minecraft:bat":1,"minecraft:iron_golem":1,"minecraft:creeper":1,"minecraft:zombie":2,"minecraft:stray":13},"minecraft:mined":{"minecraft:diamond_ore":4,"minecraft:spruce_planks":56,"minecraft:potted_dead_bush":1,"minecraft:acacia_log":2,"minecraft:decorated_pot":1,"minecraft:jungle_log":1,"minecraft:spawner":1,"minecraft:furnace":1,"minecraft:dark_oak_trapdoor":3,"minecraft:iron_ore":2,"minecraft:fire":1,"minecraft:diamond_block":1,"minecraft:gold_block":1,"minecraft:dark_oak_stairs":1,"minecraft:bookshelf":3,"minecraft:stone":37,"minecraft:iron_block":2,"minecraft:spruce_slab":18,"minecraft:green_bed":7,"minecraft:cut_sandstone":1,"minecraft:acacia_leaves":7,"minecraft:red_wool":4,"minecraft:dandelion":1,"minecraft:oak_fence":4,"minecraft:smooth_sandstone":2,"minecraft:crafting_table":3,"minecraft:dark_oak_wood":4,"minecraft:short_grass":35,"minecraft:emerald_ore":3,"minecraft:dead_bush":4,"minecraft:cobblestone":11,"minecraft:tall_grass":31,"minecraft:skeleton_skull":1,"minecraft:spruce_stairs":4,"minecraft:dark_oak_slab":5,"minecraft:stripped_spruce_wood":1,"minecraft:wheat":25,"minecraft:spruce_log":85,"minecraft:red_wall_banner":1,"minecraft:oak_log":4,"minecraft:beetroots":8,"minecraft:sand":7,"minecraft:gold_ore":8,"minecraft:cyan_candle":1,"minecraft:oak_leaves":6,"minecraft:emerald_block":1,"minecraft:fern":4},"minecraft:killed_by":{"minecraft:stray":2,"minecraft:skeleton":1},"minecraft:used":{"minecraft:beetroot":1,"minecraft:stone_sword":29,"minecraft:tropical_fish":2,"minecraft:spruce_planks":302,"minecraft:shield":45,"minecraft:iron_sword":49,"minecraft:cooked_salmon":2,"minecraft:cooked_chicken":3,"minecraft:torch":3,"minecraft:spruce_stairs":1,"minecraft:spruce_boat":2,"minecraft:dark_oak_planks":6,"minecraft:red_wool":3,"minecraft:smooth_sandstone":2,"minecraft:iron_helmet":1,"minecraft:iron_boots":1,"minecraft:diamond_chestplate":1,"minecraft:furnace":3,"minecraft:beetroot_seeds":8,"minecraft:egg":2,"minecraft:acacia_planks":1,"minecraft:iron_leggings":1,"minecraft:stone_pickaxe":9,"minecraft:oak_planks":5,"minecraft:wooden_pickaxe":13,"minecraft:green_bed":6,"minecraft:golden_apple":2,"minecraft:glow_berries":1,"minecraft:sand":7,"minecraft:crafting_table":10,"minecraft:cod":2,"minecraft:spruce_log":2,"minecraft:diamond_pickaxe":12,"minecraft:bread":4,"minecraft:iron_pickaxe":53,"minecraft:stone_axe":232,"minecraft:diamond_sword":12,"minecraft:fire_charge":3,"minecraft:cobblestone":16,"minecraft:cooked_porkchop":5,"minecraft:oak_boat":1,"minecraft:chainmail_leggings":1}},"DataVersion":3955}