{"stats":{"minecraft:dropped":{"minecraft:stone_axe":1,"minecraft:poppy":1,"minecraft:beetroot_seeds":5,"minecraft:oak_sapling":1,"minecraft:stone_pickaxe":1},"minecraft:picked_up":{"minecraft:shelter_pottery_sherd":1,"minecraft:crafting_table":2,"minecraft:wheat":4,"minecraft:feather":2,"minecraft:chicken":3,"minecraft:flower_pot":1,"minecraft:cut_sandstone":1,"minecraft:oak_log":2,"minecraft:brick":3,"minecraft:smooth_sandstone":2,"minecraft:beetroot":1,"minecraft:wheat_seeds":30,"minecraft:raw_gold":8,"minecraft:iron_ingot":5,"minecraft:stone_pickaxe":1,"minecraft:poppy":2,"minecraft:egg":2,"minecraft:stick":12,"minecraft:raw_iron":2,"minecraft:red_wool":2,"minecraft:green_bed":2,"minecraft:acacia_log":1,"minecraft:porkchop":1,"minecraft:sand":7,"minecraft:spruce_sapling":12,"minecraft:spruce_log":85,"minecraft:dead_bush":1,"minecraft:rotten_flesh":3,"minecraft:beetroot_seeds":13,"minecraft:stone_axe":1,"minecraft:oak_sapling":1,"minecraft:cobblestone":23},"minecraft:custom":{"minecraft:interact_with_furnace":4,"minecraft:mob_kills":7,"minecraft:interact_with_crafting_table":8,"minecraft:open_barrel":2,"minecraft:time_since_death":2074,"minecraft:sleep_in_bed":1,"minecraft:climb_one_cm":4137,"minecraft:time_since_rest":2119,"minecraft:sprint_one_cm":57141,"minecraft:damage_taken":775,"minecraft:walk_one_cm":58544,"minecraft:damage_blocked_by_shield":765,"minecraft:drop":6,"minecraft:damage_dealt":1181,"minecraft:swim_one_cm":1998,"minecraft:talked_to_villager":7,"minecraft:fly_one_cm":189073,"minecraft:open_chest":1,"minecraft:crouch_one_cm":643,"minecraft:play_time":34713,"minecraft:deaths":1,"minecraft:sneak_time":404,"minecraft:walk_under_water_one_cm":24,"minecraft:boat_one_cm":57449,"minecraft:jump":908,"minecraft:walk_on_water_one_cm":270,"minecraft:total_world_time":34713,"minecraft:fall_one_cm":38079,"minecraft:inspect_dispenser":1,"minecraft:horse_one_cm":3032},"minecraft:crafted":{"minecraft:oak_planks":8,"minecraft:cooked_porkchop":2,"minecraft:crafting_table":3,"minecraft:spruce_planks":332,"minecraft:wooden_pickaxe":1,"minecraft:cooked_chicken":3,"minecraft:furnace":1,"minecraft:stone_axe":1,"minecraft:bread":1,"minecraft:air":0,"minecraft:shield":1,"minecraft:stick":4,"minecraft:iron_pickaxe":1,"minecraft:stone_pickaxe":1,"minecraft:stone_sword":1,"minecraft:spruce_boat":1,"minecraft:acacia_planks":4},"minecraft:killed":{"minecraft:pig":1,"minecraft:spider":1,"minecraft:iron_golem":1,"minecraft:zombie":1,"minecraft:chicken":3},"minecraft:mined":{"minecraft:cut_sandstone":1,"minecraft:acacia_leaves":4,"minecraft:red_wool":4,"minecraft:smooth_sandstone":2,"minecraft:crafting_table":2,"minecraft:potted_dead_bush":1,"minecraft:short_grass":30,"minecraft:acacia_log":1,"minecraft:decorated_pot":1,"minecraft:dead_bush":3,"minecraft:cobblestone":8,"minecraft:tall_grass":29,"minecraft:iron_ore":2,"minecraft:wheat":25,"minecraft:spruce_log":85,"minecraft:oak_log":2,"minecraft:beetroots":8,"minecraft:sand":7,"minecraft:stone":15,"minecraft:gold_ore":8,"minecraft:oak_leaves":3,"minecraft:green_bed":2,"minecraft:fern":4},"minecraft:used":{"minecraft:beetroot":1,"minecraft:stone_sword":17,"minecraft:stone_pickaxe":9,"minecraft:oak_planks":2,"minecraft:shield":27,"minecraft:spruce_planks":14,"minecraft:wooden_pickaxe":12,"minecraft:green_bed":1,"minecraft:cooked_chicken":3,"minecraft:sand":7,"minecraft:crafting_table":4,"minecraft:spruce_log":2,"minecraft:spruce_boat":1,"minecraft:bread":1,"minecraft:iron_pickaxe":22,"minecraft:stone_axe":142,"minecraft:cobblestone":6,"minecraft:furnace":1,"minecraft:cooked_porkchop":2,"minecraft:beetroot_seeds":8,"minecraft:egg":2,"minecraft:acacia_planks":1}},"DataVersion":3955}