{"stats":{"minecraft:dropped":{"minecraft:poppy":1,"minecraft:beetroot_seeds":5,"minecraft:oak_sapling":1},"minecraft:picked_up":{"minecraft:stick":10,"minecraft:crafting_table":1,"minecraft:wheat":4,"minecraft:flower_pot":1,"minecraft:cut_sandstone":1,"minecraft:acacia_log":1,"minecraft:green_bed":1,"minecraft:sand":7,"minecraft:oak_log":2,"minecraft:spruce_sapling":12,"minecraft:dead_bush":1,"minecraft:spruce_log":85,"minecraft:smooth_sandstone":2,"minecraft:rotten_flesh":2,"minecraft:beetroot_seeds":9,"minecraft:wheat_seeds":25,"minecraft:iron_ingot":5,"minecraft:poppy":2,"minecraft:oak_sapling":1,"minecraft:cobblestone":12},"minecraft:custom":{"minecraft:time_since_rest":5263,"minecraft:sprint_one_cm":21981,"minecraft:damage_taken":80,"minecraft:walk_one_cm":22852,"minecraft:mob_kills":1,"minecraft:drop":4,"minecraft:damage_dealt":589,"minecraft:talked_to_villager":7,"minecraft:interact_with_crafting_table":4,"minecraft:fly_one_cm":76598,"minecraft:crouch_one_cm":70,"minecraft:play_time":10713,"minecraft:sneak_time":257,"minecraft:jump":356,"minecraft:time_since_death":10713,"minecraft:sleep_in_bed":1,"minecraft:total_world_time":10713,"minecraft:fall_one_cm":15912},"minecraft:crafted":{"minecraft:oak_planks":8,"minecraft:shield":1,"minecraft:crafting_table":2,"minecraft:spruce_planks":84,"minecraft:stick":4,"minecraft:wooden_pickaxe":1,"minecraft:iron_pickaxe":1,"minecraft:stone_pickaxe":1,"minecraft:acacia_planks":4,"minecraft:stone_axe":1,"minecraft:bread":1},"minecraft:killed":{"minecraft:iron_golem":1},"minecraft:mined":{"minecraft:cut_sandstone":1,"minecraft:acacia_leaves":4,"minecraft:wheat":22,"minecraft:spruce_log":85,"minecraft:smooth_sandstone":2,"minecraft:crafting_table":1,"minecraft:potted_dead_bush":1,"minecraft:short_grass":13,"minecraft:acacia_log":1,"minecraft:oak_log":2,"minecraft:beetroots":5,"minecraft:dead_bush":1,"minecraft:sand":7,"minecraft:tall_grass":14,"minecraft:stone":12,"minecraft:oak_leaves":3,"minecraft:green_bed":1,"minecraft:fern":2},"minecraft:used":{"minecraft:bread":1,"minecraft:stone_pickaxe":5,"minecraft:oak_planks":2,"minecraft:spruce_planks":2,"minecraft:wooden_pickaxe":12,"minecraft:stone_axe":105,"minecraft:sand":6,"minecraft:cobblestone":6,"minecraft:crafting_table":2,"minecraft:beetroot_seeds":4,"minecraft:acacia_planks":1}},"DataVersion":3955}