{"stats":{"minecraft:killed":{"minecraft:spider":4,"minecraft:skeleton":3,"minecraft:chicken":6,"minecraft:wandering_trader":1,"minecraft:sheep":4,"minecraft:trader_llama":2,"minecraft:zombie":29,"minecraft:cow":4},"minecraft:crafted":{"minecraft:oak_planks":36,"minecraft:cooked_chicken":3,"minecraft:furnace":3,"minecraft:cooked_mutton":5,"minecraft:iron_boots":1,"minecraft:iron_axe":1,"minecraft:stone_pickaxe":2,"minecraft:wheat":18,"minecraft:cooked_cod":3,"minecraft:crafting_table":4,"minecraft:wooden_pickaxe":1,"minecraft:iron_helmet":1,"minecraft:stone_axe":1,"minecraft:bread":6,"minecraft:air":0,"minecraft:iron_chestplate":1,"minecraft:charcoal":2,"minecraft:shield":1,"minecraft:stick":20,"minecraft:iron_ingot":46,"minecraft:iron_pickaxe":1,"minecraft:iron_leggings":1,"minecraft:white_bed":1,"minecraft:acacia_planks":8,"minecraft:torch":40},"minecraft:used":{"minecraft:azalea":1,"minecraft:moss_block":1,"minecraft:writable_book":1,"minecraft:acacia_log":1,"minecraft:shield":5,"minecraft:rotten_flesh":18,"minecraft:cooked_chicken":3,"minecraft:torch":68,"minecraft:iron_axe":179,"minecraft:bow":13,"minecraft:furnace":7,"minecraft:cooked_cod":3,"minecraft:egg":1,"minecraft:cooked_beef":4,"minecraft:iron_leggings":1,"minecraft:cooked_mutton":5,"minecraft:stone_pickaxe":166,"minecraft:blackstone":50,"minecraft:wooden_pickaxe":21,"minecraft:stripped_dark_oak_log":1,"minecraft:crafting_table":10,"minecraft:white_bed":1,"minecraft:apple":5,"minecraft:bread":51,"minecraft:iron_pickaxe":148,"minecraft:stone_axe":110,"minecraft:cobblestone":72},"minecraft:picked_up":{"minecraft:iron_chestplate":1,"minecraft:crafting_table":7,"minecraft:chicken":3,"minecraft:lead":4,"minecraft:shield":1,"minecraft:iron_axe":1,"minecraft:iron_leggings":2,"minecraft:blackstone":84,"minecraft:cobbled_deepslate":52,"minecraft:beef":8,"minecraft:azalea":1,"minecraft:iron_pickaxe":1,"minecraft:lectern":3,"minecraft:sugar_cane":2,"minecraft:piston":2,"minecraft:iron_boots":1,"minecraft:furnace":5,"minecraft:egg":1,"minecraft:golden_helmet":1,"minecraft:raw_iron":76,"minecraft:stick":30,"minecraft:torch":39,"minecraft:acacia_log":85,"minecraft:carrot":2,"minecraft:arrow":59,"minecraft:rotten_flesh":34,"minecraft:hay_block":2,"minecraft:gold_ingot":13,"minecraft:mutton":13,"minecraft:obsidian":17,"minecraft:cobblestone":103,"minecraft:white_wool":3,"minecraft:feather":7,"minecraft:cooked_beef":5,"minecraft:water_bucket":1,"minecraft:leather":16,"minecraft:potato":7,"minecraft:oak_log":20,"minecraft:lapis_lazuli":68,"minecraft:dirt":6,"minecraft:bone":4,"minecraft:apple":3,"minecraft:bow":1,"minecraft:raw_gold":3,"minecraft:iron_ingot":18,"minecraft:stone_pickaxe":1,"minecraft:moss_block":1,"minecraft:oak_planks":6,"minecraft:acacia_sapling":24,"minecraft:book":48,"minecraft:smooth_basalt":1,"minecraft:white_bed":1,"minecraft:spider_eye":2,"minecraft:dispenser":1,"minecraft:diamond":31,"minecraft:writable_book":1,"minecraft:iron_helmet":1,"minecraft:granite":2,"minecraft:bread":41,"minecraft:emerald":10,"minecraft:stripped_dark_oak_log":1,"minecraft:oak_sapling":8,"minecraft:coal":128},"minecraft:broken":{"minecraft:stone_pickaxe":1,"minecraft:iron_axe":1,"minecraft:stone_axe":1},"minecraft:dropped":{"minecraft:dispenser":1,"minecraft:iron_leggings":1,"minecraft:writable_book":1,"minecraft:rotten_flesh":5,"minecraft:arrow":2,"minecraft:wooden_pickaxe":1,"minecraft:lectern":1},"minecraft:mined":{"minecraft:white_bed":1,"minecraft:deepslate_diamond_ore":15,"minecraft:dark_oak_log":2,"minecraft:granite":2,"minecraft:acacia_log":45,"minecraft:grass_block":2,"minecraft:spruce_fence":2,"minecraft:moss_block":1,"minecraft:hay_block":2,"minecraft:furnace":4,"minecraft:iron_ore":22,"minecraft:fire":1,"minecraft:moss_carpet":1,"minecraft:deepslate_lapis_ore":6,"minecraft:bookshelf":8,"minecraft:deepslate_iron_ore":41,"minecraft:azalea":1,"minecraft:stone":84,"minecraft:deepslate_redstone_ore":2,"minecraft:acacia_leaves":13,"minecraft:blackstone":58,"minecraft:stripped_dark_oak_log":1,"minecraft:crafting_table":7,"minecraft:torch":28,"minecraft:short_grass":13,"minecraft:chest":1,"minecraft:dead_bush":2,"minecraft:lectern":1,"minecraft:cobblestone":19,"minecraft:tall_grass":8,"minecraft:deepslate_gold_ore":3,"minecraft:oak_planks":2,"minecraft:sugar_cane":1,"minecraft:wall_torch":11,"minecraft:stone_brick_stairs":1,"minecraft:oak_log":15,"minecraft:coal_ore":41,"minecraft:smooth_basalt":1,"minecraft:dispenser":1,"minecraft:piston":2,"minecraft:oak_leaves":16,"minecraft:deepslate":26,"minecraft:fern":4},"minecraft:killed_by":{"minecraft:drowned":1},"minecraft:custom":{"minecraft:mob_kills":55,"minecraft:interact_with_crafting_table":19,"minecraft:open_barrel":12,"minecraft:eat_cake_slice":2,"minecraft:leave_game":2,"minecraft:time_since_death":20717,"minecraft:climb_one_cm":5970,"minecraft:sprint_one_cm":327797,"minecraft:walk_one_cm":241023,"minecraft:damage_blocked_by_shield":273,"minecraft:drop":7,"minecraft:talked_to_villager":13,"minecraft:play_time":140489,"minecraft:deaths":1,"minecraft:sneak_time":9203,"minecraft:walk_under_water_one_cm":15588,"minecraft:jump":3540,"minecraft:walk_on_water_one_cm":24029,"minecraft:total_world_time":140489,"minecraft:interact_with_furnace":52,"minecraft:sleep_in_bed":4,"minecraft:time_since_rest":3216,"minecraft:damage_taken":4152,"minecraft:damage_dealt":8211,"minecraft:fly_one_cm":683702,"minecraft:swim_one_cm":87380,"minecraft:open_chest":49,"minecraft:crouch_one_cm":20363,"minecraft:fall_one_cm":117480}},"DataVersion":3955}