{"stats":{"minecraft:killed":{"minecraft:wandering_trader":1,"minecraft:sheep":3,"minecraft:trader_llama":2,"minecraft:zombie":1,"minecraft:chicken":3},"minecraft:crafted":{"minecraft:cooked_cod":3,"minecraft:oak_planks":32,"minecraft:crafting_table":2,"minecraft:iron_helmet":1,"minecraft:wooden_pickaxe":1,"minecraft:cooked_chicken":3,"minecraft:furnace":2,"minecraft:stone_axe":1,"minecraft:cooked_mutton":5,"minecraft:air":0,"minecraft:iron_chestplate":1,"minecraft:charcoal":2,"minecraft:shield":1,"minecraft:stick":12,"minecraft:iron_ingot":24,"minecraft:stone_pickaxe":2,"minecraft:iron_leggings":1,"minecraft:white_bed":1,"minecraft:acacia_planks":4,"minecraft:torch":16},"minecraft:used":{"minecraft:azalea":1,"minecraft:moss_block":1,"minecraft:cooked_mutton":2,"minecraft:stone_pickaxe":149,"minecraft:wooden_pickaxe":21,"minecraft:cooked_chicken":2,"minecraft:torch":28,"minecraft:crafting_table":5,"minecraft:white_bed":1,"minecraft:bread":9,"minecraft:stone_axe":83,"minecraft:cobblestone":40,"minecraft:furnace":3,"minecraft:cooked_cod":3},"minecraft:picked_up":{"minecraft:crafting_table":4,"minecraft:feather":6,"minecraft:chicken":3,"minecraft:leather":2,"minecraft:lead":2,"minecraft:oak_log":10,"minecraft:dirt":6,"minecraft:blackstone":3,"minecraft:cobbled_deepslate":6,"minecraft:azalea":1,"minecraft:moss_block":1,"minecraft:acacia_sapling":1,"minecraft:oak_planks":6,"minecraft:egg":1,"minecraft:furnace":2,"minecraft:stick":2,"minecraft:raw_iron":24,"minecraft:torch":19,"minecraft:acacia_log":7,"minecraft:rotten_flesh":3,"minecraft:granite":2,"minecraft:bread":27,"minecraft:oak_sapling":1,"minecraft:mutton":5,"minecraft:coal":74,"minecraft:white_wool":3,"minecraft:cobblestone":85},"minecraft:broken":{"minecraft:stone_pickaxe":1},"minecraft:mined":{"minecraft:acacia_leaves":8,"minecraft:blackstone":3,"minecraft:crafting_table":4,"minecraft:torch":12,"minecraft:granite":2,"minecraft:short_grass":6,"minecraft:acacia_log":7,"minecraft:grass_block":2,"minecraft:tall_grass":3,"minecraft:cobblestone":2,"minecraft:oak_planks":2,"minecraft:moss_block":1,"minecraft:wall_torch":7,"minecraft:furnace":2,"minecraft:iron_ore":19,"minecraft:moss_carpet":1,"minecraft:coal_ore":41,"minecraft:oak_log":10,"minecraft:deepslate_iron_ore":6,"minecraft:azalea":1,"minecraft:stone":84,"minecraft:oak_leaves":12,"minecraft:deepslate":6,"minecraft:fern":1},"minecraft:custom":{"minecraft:interact_with_furnace":29,"minecraft:mob_kills":10,"minecraft:interact_with_crafting_table":11,"minecraft:leave_game":2,"minecraft:time_since_death":50489,"minecraft:sleep_in_bed":2,"minecraft:climb_one_cm":52,"minecraft:time_since_rest":26139,"minecraft:sprint_one_cm":70423,"minecraft:damage_taken":820,"minecraft:walk_one_cm":66386,"minecraft:damage_dealt":1407,"minecraft:swim_one_cm":1394,"minecraft:fly_one_cm":129902,"minecraft:open_chest":3,"minecraft:crouch_one_cm":12608,"minecraft:play_time":50489,"minecraft:sneak_time":5035,"minecraft:walk_under_water_one_cm":326,"minecraft:jump":796,"minecraft:walk_on_water_one_cm":1171,"minecraft:total_world_time":50489,"minecraft:fall_one_cm":32090}},"DataVersion":3955}