{"stats":{"minecraft:killed":{"minecraft:spider":4,"minecraft:wandering_trader":1,"minecraft:skeleton":3,"minecraft:sheep":4,"minecraft:trader_llama":2,"minecraft:zombie":23,"minecraft:chicken":6,"minecraft:cow":4},"minecraft:crafted":{"minecraft:cooked_cod":3,"minecraft:oak_planks":32,"minecraft:crafting_table":3,"minecraft:iron_helmet":1,"minecraft:wooden_pickaxe":1,"minecraft:cooked_chicken":3,"minecraft:furnace":2,"minecraft:bread":6,"minecraft:stone_axe":1,"minecraft:cooked_mutton":5,"minecraft:air":0,"minecraft:iron_boots":1,"minecraft:iron_chestplate":1,"minecraft:charcoal":2,"minecraft:shield":1,"minecraft:iron_axe":1,"minecraft:stick":20,"minecraft:iron_ingot":46,"minecraft:iron_pickaxe":1,"minecraft:stone_pickaxe":2,"minecraft:iron_leggings":1,"minecraft:white_bed":1,"minecraft:acacia_planks":8,"minecraft:torch":40,"minecraft:wheat":18},"minecraft:used":{"minecraft:azalea":1,"minecraft:moss_block":1,"minecraft:cooked_mutton":5,"minecraft:writable_book":1,"minecraft:acacia_log":1,"minecraft:stone_pickaxe":166,"minecraft:blackstone":34,"minecraft:shield":5,"minecraft:wooden_pickaxe":21,"minecraft:cooked_chicken":3,"minecraft:rotten_flesh":18,"minecraft:torch":68,"minecraft:crafting_table":9,"minecraft:white_bed":1,"minecraft:apple":5,"minecraft:iron_axe":162,"minecraft:bread":50,"minecraft:iron_pickaxe":146,"minecraft:stone_axe":110,"minecraft:bow":3,"minecraft:cobblestone":72,"minecraft:furnace":5,"minecraft:cooked_cod":3,"minecraft:egg":1},"minecraft:picked_up":{"minecraft:crafting_table":7,"minecraft:feather":7,"minecraft:chicken":3,"minecraft:leather":8,"minecraft:lead":2,"minecraft:oak_log":15,"minecraft:lapis_lazuli":34,"minecraft:dirt":6,"minecraft:bone":2,"minecraft:blackstone":58,"minecraft:cobbled_deepslate":26,"minecraft:raw_gold":3,"minecraft:beef":4,"minecraft:azalea":1,"minecraft:lectern":2,"minecraft:piston":2,"minecraft:moss_block":1,"minecraft:sugar_cane":2,"minecraft:acacia_sapling":12,"minecraft:oak_planks":6,"minecraft:egg":1,"minecraft:furnace":4,"minecraft:book":24,"minecraft:golden_helmet":1,"minecraft:stick":14,"minecraft:raw_iron":61,"minecraft:smooth_basalt":1,"minecraft:torch":39,"minecraft:acacia_log":44,"minecraft:white_bed":1,"minecraft:carrot":1,"minecraft:spider_eye":2,"minecraft:dispenser":1,"minecraft:arrow":2,"minecraft:rotten_flesh":23,"minecraft:diamond":15,"minecraft:writable_book":1,"minecraft:hay_block":2,"minecraft:granite":2,"minecraft:bread":27,"minecraft:oak_sapling":4,"minecraft:mutton":7,"minecraft:coal":102,"minecraft:white_wool":3,"minecraft:cobblestone":103},"minecraft:broken":{"minecraft:stone_pickaxe":1,"minecraft:stone_axe":1},"minecraft:dropped":{"minecraft:rotten_flesh":5,"minecraft:dispenser":1,"minecraft:writable_book":1,"minecraft:arrow":2,"minecraft:wooden_pickaxe":1,"minecraft:lectern":1},"minecraft:mined":{"minecraft:deepslate_redstone_ore":2,"minecraft:acacia_leaves":13,"minecraft:white_bed":1,"minecraft:blackstone":56,"minecraft:deepslate_diamond_ore":15,"minecraft:dark_oak_log":2,"minecraft:crafting_table":7,"minecraft:torch":28,"minecraft:granite":2,"minecraft:short_grass":13,"minecraft:acacia_log":45,"minecraft:spruce_fence":2,"minecraft:grass_block":2,"minecraft:chest":1,"minecraft:dead_bush":2,"minecraft:lectern":1,"minecraft:tall_grass":8,"minecraft:cobblestone":19,"minecraft:deepslate_gold_ore":3,"minecraft:sugar_cane":1,"minecraft:oak_planks":2,"minecraft:moss_block":1,"minecraft:wall_torch":11,"minecraft:hay_block":2,"minecraft:furnace":4,"minecraft:iron_ore":22,"minecraft:fire":1,"minecraft:moss_carpet":1,"minecraft:stone_brick_stairs":1,"minecraft:deepslate_lapis_ore":6,"minecraft:bookshelf":8,"minecraft:coal_ore":41,"minecraft:oak_log":15,"minecraft:deepslate_iron_ore":41,"minecraft:smooth_basalt":1,"minecraft:dispenser":1,"minecraft:azalea":1,"minecraft:stone":84,"minecraft:piston":2,"minecraft:oak_leaves":16,"minecraft:deepslate":26,"minecraft:fern":4},"minecraft:killed_by":{"minecraft:drowned":1},"minecraft:custom":{"minecraft:interact_with_furnace":46,"minecraft:mob_kills":49,"minecraft:interact_with_crafting_table":18,"minecraft:open_barrel":8,"minecraft:eat_cake_slice":2,"minecraft:leave_game":2,"minecraft:time_since_death":8717,"minecraft:sleep_in_bed":3,"minecraft:climb_one_cm":5970,"minecraft:time_since_rest":5838,"minecraft:sprint_one_cm":287650,"minecraft:damage_taken":3686,"minecraft:walk_one_cm":212131,"minecraft:damage_blocked_by_shield":273,"minecraft:drop":6,"minecraft:damage_dealt":7403,"minecraft:talked_to_villager":9,"minecraft:swim_one_cm":73978,"minecraft:fly_one_cm":612646,"minecraft:open_chest":39,"minecraft:deaths":1,"minecraft:crouch_one_cm":20220,"minecraft:play_time":128489,"minecraft:sneak_time":9030,"minecraft:walk_under_water_one_cm":15198,"minecraft:jump":3273,"minecraft:walk_on_water_one_cm":22559,"minecraft:total_world_time":128489,"minecraft:fall_one_cm":114185}},"DataVersion":3955}