{"stats":{"minecraft:killed":{"minecraft:spider":3,"minecraft:wandering_trader":1,"minecraft:skeleton":2,"minecraft:sheep":3,"minecraft:trader_llama":2,"minecraft:zombie":20,"minecraft:chicken":5,"minecraft:cow":2},"minecraft:crafted":{"minecraft:cooked_cod":3,"minecraft:oak_planks":32,"minecraft:crafting_table":2,"minecraft:iron_helmet":1,"minecraft:wooden_pickaxe":1,"minecraft:cooked_chicken":3,"minecraft:furnace":2,"minecraft:stone_axe":1,"minecraft:cooked_mutton":5,"minecraft:air":0,"minecraft:iron_boots":1,"minecraft:iron_chestplate":1,"minecraft:charcoal":2,"minecraft:shield":1,"minecraft:iron_axe":1,"minecraft:stick":20,"minecraft:iron_ingot":46,"minecraft:iron_pickaxe":1,"minecraft:stone_pickaxe":2,"minecraft:iron_leggings":1,"minecraft:white_bed":1,"minecraft:acacia_planks":4,"minecraft:torch":40},"minecraft:used":{"minecraft:azalea":1,"minecraft:moss_block":1,"minecraft:cooked_mutton":5,"minecraft:writable_book":1,"minecraft:stone_pickaxe":165,"minecraft:blackstone":18,"minecraft:shield":5,"minecraft:wooden_pickaxe":21,"minecraft:cooked_chicken":3,"minecraft:rotten_flesh":18,"minecraft:torch":68,"minecraft:crafting_table":8,"minecraft:white_bed":1,"minecraft:iron_axe":125,"minecraft:bread":28,"minecraft:iron_pickaxe":146,"minecraft:stone_axe":110,"minecraft:cobblestone":72,"minecraft:furnace":5,"minecraft:cooked_cod":3,"minecraft:egg":1},"minecraft:picked_up":{"minecraft:crafting_table":7,"minecraft:feather":7,"minecraft:chicken":3,"minecraft:leather":6,"minecraft:lead":2,"minecraft:oak_log":15,"minecraft:lapis_lazuli":34,"minecraft:dirt":6,"minecraft:bone":2,"minecraft:blackstone":58,"minecraft:cobbled_deepslate":26,"minecraft:raw_gold":3,"minecraft:beef":2,"minecraft:azalea":1,"minecraft:lectern":2,"minecraft:piston":2,"minecraft:moss_block":1,"minecraft:sugar_cane":2,"minecraft:acacia_sapling":12,"minecraft:oak_planks":6,"minecraft:egg":1,"minecraft:furnace":4,"minecraft:golden_helmet":1,"minecraft:stick":14,"minecraft:raw_iron":61,"minecraft:smooth_basalt":1,"minecraft:torch":39,"minecraft:acacia_log":42,"minecraft:carrot":1,"minecraft:spider_eye":1,"minecraft:dispenser":1,"minecraft:arrow":2,"minecraft:rotten_flesh":23,"minecraft:diamond":15,"minecraft:writable_book":1,"minecraft:granite":2,"minecraft:bread":27,"minecraft:oak_sapling":4,"minecraft:mutton":5,"minecraft:coal":102,"minecraft:white_wool":3,"minecraft:cobblestone":103},"minecraft:broken":{"minecraft:stone_pickaxe":1,"minecraft:stone_axe":1},"minecraft:dropped":{"minecraft:dispenser":1,"minecraft:writable_book":1,"minecraft:arrow":2,"minecraft:lectern":1},"minecraft:mined":{"minecraft:deepslate_redstone_ore":2,"minecraft:acacia_leaves":8,"minecraft:blackstone":56,"minecraft:deepslate_diamond_ore":15,"minecraft:crafting_table":7,"minecraft:torch":28,"minecraft:granite":2,"minecraft:short_grass":13,"minecraft:acacia_log":43,"minecraft:grass_block":2,"minecraft:dead_bush":2,"minecraft:lectern":1,"minecraft:tall_grass":5,"minecraft:cobblestone":19,"minecraft:deepslate_gold_ore":3,"minecraft:sugar_cane":1,"minecraft:oak_planks":2,"minecraft:moss_block":1,"minecraft:wall_torch":11,"minecraft:furnace":4,"minecraft:iron_ore":22,"minecraft:fire":1,"minecraft:moss_carpet":1,"minecraft:deepslate_lapis_ore":6,"minecraft:coal_ore":41,"minecraft:oak_log":15,"minecraft:deepslate_iron_ore":41,"minecraft:smooth_basalt":1,"minecraft:dispenser":1,"minecraft:azalea":1,"minecraft:stone":84,"minecraft:piston":2,"minecraft:oak_leaves":13,"minecraft:deepslate":26,"minecraft:fern":3},"minecraft:custom":{"minecraft:interact_with_furnace":43,"minecraft:mob_kills":39,"minecraft:interact_with_crafting_table":17,"minecraft:open_barrel":5,"minecraft:leave_game":2,"minecraft:time_since_death":92489,"minecraft:sleep_in_bed":2,"minecraft:climb_one_cm":1968,"minecraft:time_since_rest":68139,"minecraft:sprint_one_cm":146247,"minecraft:damage_taken":2606,"minecraft:walk_one_cm":141927,"minecraft:damage_blocked_by_shield":273,"minecraft:drop":4,"minecraft:damage_dealt":6361,"minecraft:talked_to_villager":6,"minecraft:swim_one_cm":29316,"minecraft:fly_one_cm":289175,"minecraft:open_chest":17,"minecraft:crouch_one_cm":19351,"minecraft:play_time":92489,"minecraft:sneak_time":8574,"minecraft:walk_under_water_one_cm":5900,"minecraft:jump":1839,"minecraft:walk_on_water_one_cm":11442,"minecraft:total_world_time":92489,"minecraft:fall_one_cm":56544}},"DataVersion":3955}