{"stats":{"minecraft:dropped":{"minecraft:mossy_cobblestone":1,"minecraft:fletching_table":1,"minecraft:dispenser":1,"minecraft:iron_leggings":1,"minecraft:oak_stairs":1,"minecraft:writable_book":1,"minecraft:rotten_flesh":19,"minecraft:oak_planks":8,"minecraft:arrow":2,"minecraft:wooden_pickaxe":1,"minecraft:lectern":1},"minecraft:broken":{"minecraft:stone_pickaxe":1,"minecraft:iron_axe":1,"minecraft:stone_axe":1},"minecraft:crafted":{"minecraft:oak_planks":56,"minecraft:cooked_chicken":4,"minecraft:furnace":3,"minecraft:cooked_mutton":11,"minecraft:iron_boots":1,"minecraft:iron_axe":2,"minecraft:stone_pickaxe":2,"minecraft:chest":1,"minecraft:wheat":18,"minecraft:cooked_beef":4,"minecraft:cooked_cod":3,"minecraft:crafting_table":5,"minecraft:wooden_pickaxe":1,"minecraft:iron_helmet":1,"minecraft:stone_axe":1,"minecraft:bread":6,"minecraft:air":0,"minecraft:iron_chestplate":1,"minecraft:charcoal":2,"minecraft:shield":1,"minecraft:stick":20,"minecraft:iron_ingot":65,"minecraft:iron_pickaxe":1,"minecraft:iron_leggings":1,"minecraft:white_bed":1,"minecraft:acacia_planks":96,"minecraft:torch":40},"minecraft:custom":{"minecraft:mob_kills":61,"minecraft:interact_with_crafting_table":26,"minecraft:open_barrel":12,"minecraft:eat_cake_slice":2,"minecraft:leave_game":3,"minecraft:time_since_death":68049,"minecraft:climb_one_cm":8377,"minecraft:sprint_one_cm":414135,"minecraft:walk_one_cm":293853,"minecraft:damage_blocked_by_shield":273,"minecraft:drop":12,"minecraft:talked_to_villager":23,"minecraft:play_time":187821,"minecraft:deaths":1,"minecraft:sneak_time":10515,"minecraft:walk_under_water_one_cm":18786,"minecraft:jump":4430,"minecraft:walk_on_water_one_cm":28487,"minecraft:total_world_time":187821,"minecraft:interact_with_furnace":69,"minecraft:sleep_in_bed":7,"minecraft:time_since_rest":5302,"minecraft:damage_taken":4372,"minecraft:damage_dealt":8477,"minecraft:swim_one_cm":110589,"minecraft:fly_one_cm":864797,"minecraft:open_chest":61,"minecraft:crouch_one_cm":23043,"minecraft:fall_one_cm":128771},"minecraft:killed":{"minecraft:spider":4,"minecraft:skeleton":3,"minecraft:chicken":7,"minecraft:wandering_trader":1,"minecraft:creeper":2,"minecraft:sheep":4,"minecraft:trader_llama":2,"minecraft:zombie":32,"minecraft:cow":4},"minecraft:picked_up":{"minecraft:crafting_table":7,"minecraft:iron_chestplate":1,"minecraft:chicken":4,"minecraft:yellow_wool":4,"minecraft:lead":4,"minecraft:oak_stairs":2,"minecraft:stone_brick_wall":2,"minecraft:shield":1,"minecraft:red_bed":1,"minecraft:iron_axe":1,"minecraft:iron_leggings":2,"minecraft:blackstone":88,"minecraft:cobbled_deepslate":57,"minecraft:beef":8,"minecraft:azalea":1,"minecraft:poppy":1,"minecraft:iron_pickaxe":1,"minecraft:lectern":7,"minecraft:sugar_cane":2,"minecraft:piston":2,"minecraft:furnace":6,"minecraft:iron_boots":1,"minecraft:egg":1,"minecraft:golden_helmet":1,"minecraft:stick":32,"minecraft:raw_iron":80,"minecraft:torch":40,"minecraft:acacia_log":87,"minecraft:carrot":2,"minecraft:arrow":59,"minecraft:rotten_flesh":37,"minecraft:hay_block":2,"minecraft:gold_ingot":13,"minecraft:mutton":13,"minecraft:obsidian":17,"minecraft:white_wool":3,"minecraft:cobblestone":104,"minecraft:feather":7,"minecraft:cooked_beef":5,"minecraft:water_bucket":1,"minecraft:leather":16,"minecraft:potato":7,"minecraft:tuff":1,"minecraft:oak_log":21,"minecraft:gunpowder":2,"minecraft:lapis_lazuli":68,"minecraft:dirt":6,"minecraft:bone":4,"minecraft:acacia_planks":64,"minecraft:apple":4,"minecraft:bow":1,"minecraft:wheat_seeds":1,"minecraft:raw_gold":3,"minecraft:iron_ingot":18,"minecraft:stone_pickaxe":1,"minecraft:fletching_table":9,"minecraft:moss_block":1,"minecraft:oak_planks":6,"minecraft:acacia_sapling":29,"minecraft:book":48,"minecraft:smooth_basalt":1,"minecraft:dandelion":1,"minecraft:gravel":15,"minecraft:white_bed":1,"minecraft:orange_wool":6,"minecraft:spider_eye":2,"minecraft:mossy_cobblestone":3,"minecraft:dispenser":1,"minecraft:diamond":31,"minecraft:writable_book":1,"minecraft:iron_helmet":1,"minecraft:granite":2,"minecraft:emerald":10,"minecraft:bread":41,"minecraft:oak_sapling":13,"minecraft:stripped_dark_oak_log":1,"minecraft:coal":128},"minecraft:killed_by":{"minecraft:drowned":1},"minecraft:mined":{"minecraft:tuff":1,"minecraft:white_bed":1,"minecraft:mossy_cobblestone":3,"minecraft:deepslate_diamond_ore":15,"minecraft:dark_oak_log":2,"minecraft:orange_wool":6,"minecraft:granite":2,"minecraft:stone_brick_wall":2,"minecraft:acacia_log":47,"minecraft:spruce_fence":2,"minecraft:grass_block":2,"minecraft:moss_block":1,"minecraft:hay_block":2,"minecraft:furnace":5,"minecraft:cobbled_deepslate":6,"minecraft:iron_ore":22,"minecraft:fire":1,"minecraft:moss_carpet":1,"minecraft:fletching_table":8,"minecraft:deepslate_lapis_ore":6,"minecraft:bookshelf":8,"minecraft:deepslate_iron_ore":45,"minecraft:oak_stairs":2,"minecraft:azalea":1,"minecraft:stone":84,"minecraft:deepslate_redstone_ore":2,"minecraft:acacia_leaves":16,"minecraft:red_bed":1,"minecraft:blackstone":62,"minecraft:stripped_dark_oak_log":1,"minecraft:basalt":1,"minecraft:crafting_table":7,"minecraft:torch":28,"minecraft:short_grass":14,"minecraft:chest":1,"minecraft:dead_bush":2,"minecraft:lectern":5,"minecraft:cobblestone":20,"minecraft:tall_grass":8,"minecraft:deepslate_gold_ore":3,"minecraft:sugar_cane":1,"minecraft:oak_planks":2,"minecraft:wall_torch":12,"minecraft:yellow_wool":4,"minecraft:stone_brick_stairs":1,"minecraft:coal_ore":41,"minecraft:oak_log":16,"minecraft:gravel":15,"minecraft:smooth_basalt":1,"minecraft:acacia_planks":64,"minecraft:dispenser":1,"minecraft:piston":2,"minecraft:oak_leaves":18,"minecraft:deepslate":26,"minecraft:fern":4},"minecraft:used":{"minecraft:azalea":1,"minecraft:moss_block":1,"minecraft:writable_book":1,"minecraft:acacia_log":1,"minecraft:chest":1,"minecraft:shield":5,"minecraft:cooked_chicken":3,"minecraft:rotten_flesh":18,"minecraft:torch":69,"minecraft:orange_wool":5,"minecraft:iron_axe":266,"minecraft:bow":25,"minecraft:furnace":7,"minecraft:cooked_cod":3,"minecraft:egg":1,"minecraft:cooked_beef":4,"minecraft:acacia_planks":64,"minecraft:cobbled_deepslate":12,"minecraft:iron_leggings":1,"minecraft:cooked_mutton":5,"minecraft:water_bucket":3,"minecraft:stone_pickaxe":170,"minecraft:blackstone":52,"minecraft:wooden_pickaxe":21,"minecraft:fletching_table":8,"minecraft:mossy_cobblestone":2,"minecraft:stripped_dark_oak_log":1,"minecraft:crafting_table":11,"minecraft:white_bed":1,"minecraft:apple":7,"minecraft:bread":58,"minecraft:iron_pickaxe":170,"minecraft:lectern":4,"minecraft:gravel":15,"minecraft:yellow_wool":4,"minecraft:stone_axe":110,"minecraft:cobblestone":72,"minecraft:bucket":3}},"DataVersion":3955}