{"stats":{"minecraft:crafted":{"minecraft:cooked_cod":3,"minecraft:oak_planks":16,"minecraft:charcoal":2,"minecraft:crafting_table":1,"minecraft:stick":8,"minecraft:cooked_chicken":2,"minecraft:wooden_pickaxe":1,"minecraft:stone_pickaxe":1,"minecraft:furnace":1,"minecraft:white_bed":1,"minecraft:acacia_planks":4,"minecraft:torch":16,"minecraft:stone_axe":1,"minecraft:cooked_mutton":5,"minecraft:air":0},"minecraft:picked_up":{"minecraft:raw_iron":6,"minecraft:chicken":2,"minecraft:stick":2,"minecraft:crafting_table":2,"minecraft:feather":4,"minecraft:leather":2,"minecraft:torch":6,"minecraft:lead":2,"minecraft:acacia_log":2,"minecraft:oak_log":10,"minecraft:dirt":1,"minecraft:rotten_flesh":3,"minecraft:granite":2,"minecraft:bread":1,"minecraft:azalea":1,"minecraft:oak_sapling":1,"minecraft:moss_block":1,"minecraft:mutton":5,"minecraft:coal":5,"minecraft:oak_planks":6,"minecraft:white_wool":3,"minecraft:cobblestone":45,"minecraft:furnace":1},"minecraft:mined":{"minecraft:acacia_leaves":5,"minecraft:furnace":1,"minecraft:iron_ore":6,"minecraft:moss_carpet":1,"minecraft:crafting_table":2,"minecraft:torch":6,"minecraft:granite":2,"minecraft:grass_block":1,"minecraft:short_grass":3,"minecraft:acacia_log":2,"minecraft:coal_ore":5,"minecraft:oak_log":10,"minecraft:tall_grass":2,"minecraft:azalea":1,"minecraft:stone":46,"minecraft:moss_block":1,"minecraft:oak_planks":2,"minecraft:oak_leaves":12,"minecraft:fern":1},"minecraft:used":{"minecraft:azalea":1,"minecraft:moss_block":1,"minecraft:bread":1,"minecraft:stone_pickaxe":40,"minecraft:wooden_pickaxe":21,"minecraft:cooked_chicken":2,"minecraft:stone_axe":60,"minecraft:torch":9,"minecraft:cobblestone":1,"minecraft:crafting_table":3,"minecraft:cooked_cod":3,"minecraft:furnace":2,"minecraft:white_bed":1},"minecraft:killed":{"minecraft:sheep":3,"minecraft:trader_llama":2,"minecraft:zombie":1,"minecraft:chicken":2,"minecraft:wandering_trader":1},"minecraft:custom":{"minecraft:time_since_rest":1577,"minecraft:interact_with_furnace":23,"minecraft:sprint_one_cm":45591,"minecraft:damage_taken":315,"minecraft:walk_one_cm":39932,"minecraft:mob_kills":9,"minecraft:damage_dealt":1100,"minecraft:interact_with_crafting_table":7,"minecraft:fly_one_cm":82451,"minecraft:open_chest":2,"minecraft:crouch_one_cm":4634,"minecraft:play_time":25927,"minecraft:sneak_time":1596,"minecraft:jump":492,"minecraft:sleep_in_bed":2,"minecraft:leave_game":1,"minecraft:time_since_death":25927,"minecraft:walk_on_water_one_cm":151,"minecraft:climb_one_cm":52,"minecraft:total_world_time":25927,"minecraft:fall_one_cm":18266}},"DataVersion":3955}