{"stats":{"minecraft:crafted":{"minecraft:cooked_cod":3,"minecraft:oak_planks":16,"minecraft:charcoal":2,"minecraft:crafting_table":1,"minecraft:stick":8,"minecraft:wooden_pickaxe":1,"minecraft:stone_pickaxe":1,"minecraft:furnace":1,"minecraft:acacia_planks":4,"minecraft:stone_axe":1,"minecraft:air":0},"minecraft:picked_up":{"minecraft:stick":1,"minecraft:crafting_table":2,"minecraft:leather":2,"minecraft:lead":2,"minecraft:acacia_log":1,"minecraft:oak_log":6,"minecraft:rotten_flesh":3,"minecraft:azalea":1,"minecraft:oak_sapling":1,"minecraft:moss_block":1,"minecraft:oak_planks":6,"minecraft:cobblestone":21,"minecraft:furnace":1},"minecraft:mined":{"minecraft:acacia_leaves":3,"minecraft:furnace":1,"minecraft:moss_carpet":1,"minecraft:crafting_table":2,"minecraft:acacia_log":1,"minecraft:oak_log":6,"minecraft:tall_grass":1,"minecraft:azalea":1,"minecraft:stone":21,"minecraft:moss_block":1,"minecraft:oak_planks":2,"minecraft:oak_leaves":6},"minecraft:used":{"minecraft:azalea":1,"minecraft:moss_block":1,"minecraft:stone_pickaxe":1,"minecraft:wooden_pickaxe":21,"minecraft:stone_axe":28,"minecraft:cobblestone":1,"minecraft:crafting_table":2,"minecraft:cooked_cod":3,"minecraft:furnace":1},"minecraft:killed":{"minecraft:trader_llama":2,"minecraft:zombie":1,"minecraft:wandering_trader":1},"minecraft:custom":{"minecraft:time_since_rest":3419,"minecraft:interact_with_furnace":17,"minecraft:sprint_one_cm":22848,"minecraft:damage_taken":205,"minecraft:walk_one_cm":26037,"minecraft:mob_kills":4,"minecraft:damage_dealt":780,"minecraft:interact_with_crafting_table":6,"minecraft:fly_one_cm":55180,"minecraft:open_chest":2,"minecraft:crouch_one_cm":2444,"minecraft:play_time":13927,"minecraft:sneak_time":923,"minecraft:jump":316,"minecraft:sleep_in_bed":1,"minecraft:leave_game":1,"minecraft:time_since_death":13927,"minecraft:walk_on_water_one_cm":151,"minecraft:climb_one_cm":52,"minecraft:total_world_time":13927,"minecraft:fall_one_cm":12790}},"DataVersion":3955}